Region,Island,Site,Reef Zone,Latitude,Longitude,Depth,Hard coral,Macroalgae,CCA,Turf algae,Sand,Complexity,Herbivore (Grazer),Herbivore (Scraper),Herbivore (Browser),Detritivore (exclusively),Corallivore,Planktivore,Small Invert. Feeder,Large Invert. Feeder,Small Predator,Large Predator,DistCoast,DistStream,Population,Effluent,UrbanIndex,PointIndex,AgrIndex,FormPlIndex,FragIndex,DitchIndex
NWHI,French Frigate,FFS-150,Forereef,23.87322949,-166.2985042,7.0,27.5,2.0,0.0,67.75,2.5,2.25,4.9379988290000005,6.58487837,1.965393373,0.0,0.160693616,0.14242118,0.15851859199999999,6.620299287,0.0,13.32878899,0.0,0.0,0.0,0.0,0.0,0.0,0.0,0.0,0.0,0.0
NWHI,French Frigate,FFS-147,Forereef,23.88210903,-166.2337431,10.0,10.0,20.0,0.25,65.75,3.75,2.25,29.5664742,1.694807866,3.264892896,0.009950226,0.16290354099999999,1.206031187,0.304247063,7.5847424320000005,0.0,0.0,0.0,0.0,0.0,0.0,0.0,0.0,0.0,0.0,0.0,0.0
NWHI,French Frigate,FFS-160,Forereef,23.84464561,-166.3411943,24.0,52.5,1.0,12.5,29.75,4.0,3.0,2.340170501,2.19749855,1.623102098,0.255568603,0.6917223659999999,1.1403250489999999,0.51145515,4.771926525,0.330317044,29.82989058,0.0,0.0,0.0,0.0,0.0,0.0,0.0,0.0,0.0,0.0
NWHI,French Frigate,FFS-168,Forereef,23.84894301,-166.3241134,4.0,5.0,1.0,55.0,31.5,3.0,2.5,9.735876776000001,17.936138158000002,5.112246625,0.145649267,0.370865075,1.925826886,0.422250118,4.258226961,0.53525365,20.95374506,0.0,0.0,0.0,0.0,0.0,0.0,0.0,0.0,0.0,0.0
NWHI,French Frigate,FFS-190,Lagoon,23.78879087,-166.1755718,2.0,3.0,11.25,33.0,52.5,0.25,1.75,3.6645209299999997,1.572101362,3.94475906,0.0,0.0,0.0,1.328058665,4.151445941,1.752618223,23.093456282,0.0,0.0,0.0,0.0,0.0,0.0,0.0,0.0,0.0,0.0
NWHI,French Frigate,FFS-267,Lagoon,23.78673655,-166.2863706,26.0,1.0,59.5,0.0,7.0,32.5,1.0,0.0,0.0,0.0,0.0,0.0,0.096187263,0.624089753,0.43925395,0.0,0.0,0.0,0.0,0.0,0.0,0.0,0.0,0.0,0.0,0.0,0.0
NWHI,French Frigate,FFS-256,Lagoon,23.83248431,-166.2491037,13.5,31.25,12.75,16.25,22.0,17.75,1.75,3.2654226150000003,6.868768693,0.40698508599999994,0.088711692,0.078650051,1.2655919340000001,0.188513987,3.396931804,0.636639497,55.49393582,0.0,0.0,0.0,0.0,0.0,0.0,0.0,0.0,0.0,0.0
NWHI,French Frigate,FFS-171,Lagoon,23.8026257,-166.2546837,12.0,30.0,15.0,16.5,35.25,3.25,2.75,7.315069015999999,14.098275396,7.86553042,0.215493812,0.277256572,2.8930397809999997,1.466144413,14.216824561,0.58861618,135.70381532,0.0,0.0,0.0,0.0,0.0,0.0,0.0,0.0,0.0,0.0
NWHI,French Frigate,FFS-151,Forereef,23.85988575,-166.3205941,8.5,35.0,3.0,5.75,46.75,7.75,2.0,6.149521767,10.985413763,4.783669568,0.01406477,1.089478423,2.01608701,0.41274591900000007,6.2780014600000005,2.239428302,0.0,0.0,0.0,0.0,0.0,0.0,0.0,0.0,0.0,0.0,0.0
NWHI,French Frigate,FFS-161,Forereef,23.83657845,-166.3242699,17.0,65.0,3.0,17.5,13.5,1.0,2.0,1.978346613,11.237752025,0.951891717,0.127438829,2.2693287590000004,0.32854962,0.19732563,1.595344258,0.225701375,84.51914806,0.0,0.0,0.0,0.0,0.0,0.0,0.0,0.0,0.0,0.0
NWHI,French Frigate,FFS-254,Lagoon,23.84763074,-166.2587562,9.0,8.75,8.0,6.5,55.5,21.25,2.5,3.810298015,19.398705354999997,2.150140171,0.126293479,0.031232563,1.629854156,0.6297099409999999,5.760748035,1.444328324,37.6000102,0.0,0.0,0.0,0.0,0.0,0.0,0.0,0.0,0.0,0.0
NWHI,French Frigate,FFS-191,Lagoon,23.86679999,-166.2635772,2.5,2.0,5.5,1.5,83.5,7.5,1.25,0.389107933,0.040135328,20.96742554,0.000871462,0.018545759000000002,0.0,0.696807349,2.730679792,0.0,0.0,0.0,0.0,0.0,0.0,0.0,0.0,0.0,0.0,0.0,0.0
NWHI,French Frigate,FFS-268,Lagoon,23.66236621,-166.2390705,15.0,53.75,0.0,2.5,35.0,8.75,2.75,3.0830432080000003,5.278885654,2.822770986,0.216698297,1.42655549,1.631347357,0.788791488,6.191659241,4.825738295,32.66833818,0.0,0.0,0.0,0.0,0.0,0.0,0.0,0.0,0.0,0.0
NWHI,French Frigate,FFS-265,Lagoon,23.6588163,-166.1591232,10.0,48.75,1.75,21.25,27.0,1.25,2.75,2.839244408,4.568554039,3.875871239,0.374943298,0.5112530279999999,0.537136854,0.532679027,5.748645585,2.252995929,68.00611332,0.0,0.0,0.0,0.0,0.0,0.0,0.0,0.0,0.0,0.0
NWHI,French Frigate,FFS-185,Lagoon,23.67157054,-166.2568668,14.5,25.0,0.0,10.0,29.5,35.0,2.0,2.2010178399999996,0.699416372,2.847838336,0.141295071,0.545049062,2.125827011,0.16309417,4.627469068000001,5.9652095439999995,86.4801733,0.0,0.0,0.0,0.0,0.0,0.0,0.0,0.0,0.0,0.0
NWHI,French Frigate,FFS-177,Lagoon,23.70583249,-166.231729,27.0,70.0,1.0,10.5,15.5,3.0,3.5,0.434468366,6.236084098,0.0,0.148671372,0.823898762,0.175142179,0.108396769,11.372329590999998,5.3514344949999995,263.71507352000003,0.0,0.0,0.0,0.0,0.0,0.0,0.0,0.0,0.0,0.0
NWHI,French Frigate,FFS-264,Lagoon,23.69965402,-166.1624063,11.0,12.5,7.75,3.75,58.5,17.5,3.0,4.343120535,16.110957876999997,2.440033929,0.102001483,0.0,0.461176245,0.7216981669999999,6.361487841000001,0.45305032,67.23133461,0.0,0.0,0.0,0.0,0.0,0.0,0.0,0.0,0.0,0.0
NWHI,French Frigate,FFS-263,Lagoon,23.70241947,-166.2084433,14.0,65.0,3.0,10.25,20.5,1.25,3.0,3.8543239619999996,3.499755899,0.136100329,0.159549081,0.280844848,0.440458833,0.5963575680000001,4.975149238,0.012233965,676.3479886859999,0.0,0.0,0.0,0.0,0.0,0.0,0.0,0.0,0.0,0.0
NWHI,French Frigate,FFS-178,Lagoon,23.68688134,-166.2216744,22.0,55.0,1.0,15.5,18.5,10.0,2.5,3.181392267,11.070839831,0.0,0.145926267,0.9380764330000001,0.316330812,0.24218533499999997,4.946133934000001,1.068432073,305.306214,0.0,0.0,0.0,0.0,0.0,0.0,0.0,0.0,0.0,0.0
NWHI,French Frigate,FFS-183,Forereef,23.69184343,-166.0681813,4.0,7.5,1.25,0.0,64.75,20.0,3.25,4.9310700899999995,10.858891179,27.4707292,0.051537624,0.10529428,0.76538208,0.141031141,6.869076603000001,0.464201917,3036.54122686,0.0,0.0,0.0,0.0,0.0,0.0,0.0,0.0,0.0,0.0
NWHI,French Frigate,FFS-189,Forereef,23.65031965,-166.0811213,23.0,3.0,70.0,0.0,14.5,12.5,1.0,0.049895537,0.0,0.0,0.0,0.0,0.4083137,0.55408988,5.049836414,0.0,159.01500062,0.0,0.0,0.0,0.0,0.0,0.0,0.0,0.0,0.0,0.0
NWHI,French Frigate,FFS-154,Forereef,23.63931715,-166.0947435,10.0,12.5,2.5,0.0,73.25,11.5,2.25,8.025472848,0.0,3.7224865520000003,0.0,0.171484512,0.324189276,0.5928845340000001,4.100449842,1.496297532,48.40900762,0.0,0.0,0.0,0.0,0.0,0.0,0.0,0.0,0.0,0.0
NWHI,French Frigate,FFS-184,Forereef,23.63723064,-166.1027381,5.5,0.25,30.5,0.0,58.75,10.5,1.5,0.476661069,0.0,0.0,0.0,0.0,0.000985487,0.074022297,2.9093280690000007,0.0,0.0,0.0,0.0,0.0,0.0,0.0,0.0,0.0,0.0,0.0,0.0
NWHI,French Frigate,FFS-195,Lagoon,23.77070482,-166.0757976,5.0,4.0,35.0,0.5,56.5,4.0,2.0,3.9480445680000003,0.496072504,0.964930689,0.009075651,0.032622506999999995,3.62088489,0.7833208470000002,2.9614238470000003,0.371361534,157.31562286599998,0.0,0.0,0.0,0.0,0.0,0.0,0.0,0.0,0.0,0.0
NWHI,French Frigate,FFS-262,Lagoon,23.72693184,-166.0634891,5.5,5.0,21.25,0.5,70.5,2.75,2.0,7.1155024220000005,0.106902766,2.020063382,0.0,0.043419061999999994,0.054968298,0.465545315,2.950467571,1.439651517,0.0,0.0,0.0,0.0,0.0,0.0,0.0,0.0,0.0,0.0,0.0
NWHI,French Frigate,FFS-275,Lagoon,23.71500766,-166.0505021,23.0,0.5,50.0,0.5,41.5,7.5,1.5,0.149718229,0.0,0.0,0.0,0.0,0.016234968,0.227258395,5.547421134,0.0,56.96139172,0.0,0.0,0.0,0.0,0.0,0.0,0.0,0.0,0.0,0.0
NWHI,French Frigate,FFS-187,Forereef,23.63130011,-166.1044543,12.0,5.0,3.0,0.5,88.0,3.0,2.0,4.830548942,0.0,6.5078436580000005,0.0,0.045846693,0.965874827,0.388227372,2.0929146210000003,0.0,101.56727124,0.0,0.0,0.0,0.0,0.0,0.0,0.0,0.0,0.0,0.0
NWHI,Pearl & Hermes,PHR-305,Forereef,27.79643971,-175.7568471,22.5,0.5,78.5,0.25,9.5,11.25,1.0,0.0,0.0,0.0,0.0,0.0,0.10712852,0.20604184199999998,10.839310384000001,0.970025187,111.37255964,0.0,0.0,0.0,0.0,0.0,0.0,0.0,0.0,0.0,0.0
NWHI,Pearl & Hermes,PHR-298,Forereef,27.79518628,-175.7744761,8.0,1.0,30.0,0.25,64.5,4.25,2.0,3.8785903079999997,3.403636133,2.930540445,0.0,0.031232563,0.8120461010000001,0.8612844690000001,7.204779704,0.0,130.63265794,0.0,0.0,0.0,0.0,0.0,0.0,0.0,0.0,0.0,0.0
NWHI,Pearl & Hermes,PHR-297,Forereef,27.80441986,-175.7603631,16.5,0.75,87.5,0.0,8.5,3.0,2.0,4.3751242690000005,2.604585682,0.782757672,0.0,0.0,0.808902029,0.8840891359999999,8.632775622,2.192801438,285.90028886,0.0,0.0,0.0,0.0,0.0,0.0,0.0,0.0,0.0,0.0
NWHI,Pearl & Hermes,PHR-368,Forereef,27.81172327,-175.7608537,6.5,3.0,30.0,3.0,60.0,1.0,4.0,1.705027416,4.906613936,28.412342213000002,0.013675724,0.24502708900000003,4.168638366000001,1.336791745,141.02754633799998,10.9227688,930.15742224,0.0,0.0,0.0,0.0,0.0,0.0,0.0,0.0,0.0,0.0
NWHI,Pearl & Hermes,PHR-295,Forereef,27.85814401,-175.7388367,11.0,10.0,47.5,0.5,30.25,11.5,3.0,3.831368074,0.6675449069999999,0.680687931,0.00067227,0.296082471,2.4276609959999997,1.119772189,4.6650494920000005,0.335096189,304.6281712,0.0,0.0,0.0,0.0,0.0,0.0,0.0,0.0,0.0,0.0
NWHI,Pearl & Hermes,PHR-296,Forereef,27.85297304,-175.7411513,10.5,13.75,16.25,0.5,57.0,11.25,2.75,4.1207486719999995,3.5850893790000002,3.911095747,0.016358582,0.515483358,3.656576176,0.242009151,8.217209856999999,0.5073316019999999,401.95552684,0.0,0.0,0.0,0.0,0.0,0.0,0.0,0.0,0.0,0.0
NWHI,Pearl & Hermes,PHR-304,Forereef,27.82418716,-175.7457169,23.0,1.0,64.5,0.0,17.0,17.5,1.0,0.060338451,0.0,0.0,0.001344541,0.0,0.00365079,0.132117942,0.616189191,0.0,828.2666976,0.0,0.0,0.0,0.0,0.0,0.0,0.0,0.0,0.0,0.0
NWHI,Pearl & Hermes,PHR-361,Forereef,27.77897375,-175.7924646,24.5,0.25,80.0,0.25,12.0,7.5,1.0,0.262126197,0.0,0.0,0.0,0.006934916,0.7692005219999999,0.4867644459999999,2.4073623,0.0,0.0,0.0,0.0,0.0,0.0,0.0,0.0,0.0,0.0,0.0,0.0
NWHI,Pearl & Hermes,PHR-287,Forereef,27.88181534,-175.7313967,5.5,5.0,13.75,8.0,67.0,6.25,4.0,3.7474554300000005,7.643250196,20.867621292000003,0.006837862,0.945981564,7.786360397999999,1.264491934,29.759140202999998,0.12367299600000001,30.63016864,0.0,0.0,0.0,0.0,0.0,0.0,0.0,0.0,0.0,0.0
NWHI,Pearl & Hermes,PHR-293,Forereef,27.89610179,-175.7233362,17.0,8.75,25.0,1.75,45.5,18.75,3.25,3.987377692,1.870644311,0.345037808,0.095692723,0.029830965,6.102314569000001,0.674909985,2.86027173,1.168521302,200.14486802,0.0,0.0,0.0,0.0,0.0,0.0,0.0,0.0,0.0,0.0
NWHI,Pearl & Hermes,PHR-285,Forereef,27.82068352,-175.7547732,5.0,4.0,16.25,14.0,57.75,8.0,3.25,2.8080253820000003,3.36505823,5.92551786,0.007254919,0.270803897,7.671286973000001,1.005895655,31.702978746999996,0.18295698,73.759544946,0.0,0.0,0.0,0.0,0.0,0.0,0.0,0.0,0.0,0.0
NWHI,Pearl & Hermes,PHR-377,Forereef,27.78196097,-175.8076581,9.0,4.0,40.0,0.0,54.75,1.0,2.0,5.97967148,3.2567355009999996,6.976114158,0.0,0.118234494,10.069461683,0.6901815459999999,9.910623864000002,1.253934063,159.826545,0.0,0.0,0.0,0.0,0.0,0.0,0.0,0.0,0.0,0.0
NWHI,Pearl & Hermes,PHR-286,Forereef,27.78918249,-175.8351727,4.0,3.5,22.5,10.625,56.5,6.75,2.5,2.9915148090000003,2.785312182,7.1539853,0.009520719,0.546532063,1.591885052,0.512516484,11.26718711,0.46039320799999994,29.11533072,0.0,0.0,0.0,0.0,0.0,0.0,0.0,0.0,0.0,0.0
NWHI,Pearl & Hermes,PHR-319,Backreef,27.79014179,-175.813762,1.0,0.25,5.5,14.5,51.25,28.5,1.0,0.055632955,0.0,0.0,0.0,0.0,0.0,0.035629487,0.125731066,0.240829295,167.52964006,0.0,0.0,0.0,0.0,0.0,0.0,0.0,0.0,0.0,0.0
NWHI,Pearl & Hermes,PHR-334,Forereef,27.95101063,-175.7275938,27.0,5.5,3.0,1.0,89.0,1.0,3.0,1.137563155,3.281679623,0.0,0.035910448,0.0,2.215652327,0.724147674,4.805546659,0.221217541,5923.52632946,0.0,0.0,0.0,0.0,0.0,0.0,0.0,0.0,0.0,0.0
NWHI,Pearl & Hermes,PHR-308,Backreef,27.95292305,-175.816244,4.0,1.0,29.0,0.0,45.0,25.0,2.0,1.026909137,4.5688065049999995,0.045164213,0.0,0.016184926,0.200982888,0.24590690199999998,6.423194762,0.044898534000000004,0.0,0.0,0.0,0.0,0.0,0.0,0.0,0.0,0.0,0.0,0.0
NWHI,Pearl & Hermes,PHR-288,Forereef,27.96477883,-175.7749091,15.0,8.75,12.5,8.75,66.5,3.0,2.25,9.382807510000001,10.101307361,1.1432740300000002,0.072636335,0.820750267,5.108421366,0.7666336480000001,13.819934899000001,1.596359447,40.08001556,0.0,0.0,0.0,0.0,0.0,0.0,0.0,0.0,0.0,0.0
NWHI,Pearl & Hermes,PHR-327,Forereef,27.9558195,-175.7481797,14.0,17.5,53.25,0.5,24.0,3.75,2.5,0.431082944,0.0,0.827995239,0.001167136,0.199756453,0.10028241,0.285658697,3.350780775,0.0,559.66795858,0.0,0.0,0.0,0.0,0.0,0.0,0.0,0.0,0.0,0.0
NWHI,Pearl & Hermes,PHR-307,Forereef,27.9600656,-175.8233988,24.0,12.5,22.5,7.5,49.5,7.5,4.0,2.186294434,5.478386717,0.894437779,0.013675724,0.549470183,1.213386694,0.662163175,3.300993867,0.7539889689999999,29.552728744,0.0,0.0,0.0,0.0,0.0,0.0,0.0,0.0,0.0,0.0
NWHI,Pearl & Hermes,PHR-330,Forereef,27.93110101,-175.8752455,13.0,1.0,18.5,31.25,48.75,0.25,3.0,3.8644310409999996,12.847058318000002,7.191352187,0.268432,0.223531678,5.324038399000001,0.29278541399999997,1.698287637,1.500839476,44.100197802,0.0,0.0,0.0,0.0,0.0,0.0,0.0,0.0,0.0,0.0
NWHI,Pearl & Hermes,PHR-329,Forereef,27.93632898,-175.868076,13.0,0.75,18.5,41.25,34.25,5.0,5.0,3.789352543,16.126812687,2.32954832,0.527178326,0.226923192,1.7850803219999998,0.286928032,1.213425139,2.077431366,44.02386697,0.0,0.0,0.0,0.0,0.0,0.0,0.0,0.0,0.0,0.0
NWHI,Pearl & Hermes,PHR-291,Forereef,27.95490604,-175.8337022,12.5,10.0,18.75,26.25,45.0,0.0,4.25,9.710641651000001,9.049959915999999,1.3869202440000001,0.305151663,0.46374245999999997,3.4312793490000004,0.140852672,2.3544111670000003,1.510606532,55.9496134,0.0,0.0,0.0,0.0,0.0,0.0,0.0,0.0,0.0,0.0
NWHI,Pearl & Hermes,PHR-362,Forereef,27.90985239,-175.9129906,26.0,7.5,30.0,7.5,37.0,17.5,3.5,6.280131941,17.768407365999998,0.0,0.010756328,0.16531552,0.357305589,0.926756218,4.327847348000001,0.0,5.66810394,0.0,0.0,0.0,0.0,0.0,0.0,0.0,0.0,0.0,0.0
NWHI,Pearl & Hermes,PHR-350,Lagoon,27.87803762,-175.8916741,10.0,0.5,3.75,0.25,60.5,35.0,1.5,0.425782783,1.801403977,0.0,0.0,0.0,0.252554705,0.462844617,0.8915838910000001,0.03292339,184.51859701999996,0.0,0.0,0.0,0.0,0.0,0.0,0.0,0.0,0.0,0.0
NWHI,Pearl & Hermes,PHR-317,Lagoon,27.9004639,-175.8725244,12.0,51.25,10.0,0.0,18.75,20.0,2.5,0.838505964,20.65761783,1.493527542,0.002268913,0.24788362300000003,0.952673464,0.171906224,2.016143268,0.46443621500000004,53.58225993,0.0,0.0,0.0,0.0,0.0,0.0,0.0,0.0,0.0,0.0
NWHI,Pearl & Hermes,PHR-316,Lagoon,27.90983026,-175.8822643,14.0,32.5,8.75,0.25,27.25,31.25,2.25,1.383745499,18.828414822,5.580968239,0.002268913,0.678692419,0.461049798,0.431073571,2.292051934,0.140209857,0.0,0.0,0.0,0.0,0.0,0.0,0.0,0.0,0.0,0.0,0.0
NWHI,Pearl & Hermes,PHR-312,Lagoon,27.90138901,-175.9092794,4.0,7.5,4.0,1.25,73.5,9.75,2.0,1.209026716,8.116409068,0.198807076,0.005378164,0.05966193,0.5372832909999999,0.5688813189999999,2.6057372169999997,0.015904013,32.45642756,0.0,0.0,0.0,0.0,0.0,0.0,0.0,0.0,0.0,0.0
NWHI,Pearl & Hermes,PHR-299,Forereef,27.79172891,-175.995669,9.5,10.0,5.0,11.25,72.25,0.75,2.25,3.870109789,9.196373804,1.869587836,0.036850382,0.26724253,0.519820285,0.68301871,5.450841529,0.669391088,209.3204464,0.0,0.0,0.0,0.0,0.0,0.0,0.0,0.0,0.0,0.0
NWHI,Pearl & Hermes,PHR-396,Lagoon,27.81328901,-175.9751839,14.5,3.0,84.5,0.0,9.5,3.0,2.25,1.9462822219999998,5.275349426,3.3503714700000002,0.002511677,0.113842166,0.911450002,0.6282076709999999,2.7544612020000003,0.000971218,281.906301816,0.0,0.0,0.0,0.0,0.0,0.0,0.0,0.0,0.0,0.0
NWHI,Pearl & Hermes,PHR-331,Forereef,27.8582456,-175.9563388,8.0,15.0,25.0,5.5,54.0,0.5,3.5,2.450353571,10.575826447999999,9.096469047,0.000588237,0.329088512,0.80969751,1.289995034,3.2851958100000003,0.370776579,144.35623040000002,0.0,0.0,0.0,0.0,0.0,0.0,0.0,0.0,0.0,0.0
NWHI,Pearl & Hermes,PHR-344,Lagoon,27.81203072,-175.9090734,5.0,2.0,63.25,0.0,17.25,17.5,2.0,0.262072065,0.023819589000000002,16.04459806,0.001945227,0.058161727999999996,0.019468978,0.138300268,1.180593497,0.050446696,165.50818724,0.0,0.0,0.0,0.0,0.0,0.0,0.0,0.0,0.0,0.0
NWHI,Pearl & Hermes,PHR-343,Lagoon,27.81839266,-175.9213367,6.0,1.0,73.25,0.0,9.5,16.25,2.0,0.831161262,9.443987414999999,0.184324563,0.000398383,0.0,0.804561249,1.1530237479999998,6.118358304000001,0.050873767,181.1048477,0.0,0.0,0.0,0.0,0.0,0.0,0.0,0.0,0.0,0.0
NWHI,Pearl & Hermes,PHR-400,Backreef,27.79034967,-175.8270988,1.5,1.0,32.5,0.5,58.25,7.75,1.0,0.162222614,0.0,0.0,0.0,0.027856779,0.008876515,0.058693163,0.41883495000000004,0.0,0.0,0.0,0.0,0.0,0.0,0.0,0.0,0.0,0.0,0.0,0.0
NWHI,Pearl & Hermes,PHR-282,Backreef,27.86071365,-175.7435754,1.5,3.0,3.0,0.5,77.25,16.25,2.0,0.444904277,0.0,0.025352888,0.0,0.189292228,0.069020707,0.289332314,0.683140342,0.064257447,0.0,0.0,0.0,0.0,0.0,0.0,0.0,0.0,0.0,0.0,0.0
NWHI,Pearl & Hermes,PHR-342,Lagoon,27.82164275,-175.761743,2.0,0.75,22.5,0.0,69.0,10.25,1.25,0.053347767000000004,0.0,0.002784719,0.0,0.044041705,0.09315156000000001,0.09335524199999999,0.194906033,0.149173765,142.40067758,0.0,0.0,0.0,0.0,0.0,0.0,0.0,0.0,0.0,0.0
NWHI,Pearl & Hermes,PHR-345,Lagoon,27.80721338,-175.7790809,3.0,1.0,54.0,0.5,37.0,7.5,1.5,1.5284734229999999,0.8338873649999999,5.453769165,0.000389045,0.04099398,0.363218334,0.320617378,3.762159855,0.101872214,41.3770468,0.0,0.0,0.0,0.0,0.0,0.0,0.0,0.0,0.0,0.0
NWHI,Pearl & Hermes,PHR-323,Backreef,27.7891249,-175.7844276,1.5,5.25,16.25,2.25,61.25,15.0,2.0,0.08811073999999999,0.0,0.0,0.0,0.075185275,0.105890218,0.205236892,5.516951628,0.067456601,0.0,0.0,0.0,0.0,0.0,0.0,0.0,0.0,0.0,0.0,0.0
NWHI,Pearl & Hermes,PHR-397,Forereef,27.77124245,-175.8972808,13.0,2.0,47.5,0.5,27.75,22.25,1.25,2.695949444,0.0,0.345108938,0.0,0.0,0.39920926100000004,0.14700811,3.2128483329999997,0.041306189,848.434412632,0.0,0.0,0.0,0.0,0.0,0.0,0.0,0.0,0.0,0.0
NWHI,Pearl & Hermes,PHR-283,Backreef,27.78846466,-175.879672,2.5,10.5,40.0,5.0,27.0,17.5,1.75,2.444007672,0.0,146.3558499,0.0,0.259650959,0.009234382,0.22246201,3.573127975,0.08621974,68.74222384400001,0.0,0.0,0.0,0.0,0.0,0.0,0.0,0.0,0.0,0.0
NWHI,Pearl & Hermes,PHR-338,Lagoon,27.79435446,-175.8251005,3.25,3.0,40.0,0.0,42.0,15.0,1.75,0.555909118,1.673895959,14.98827377,0.0,0.0,1.047111451,0.24755358100000002,9.852991927000001,0.0063748,28.63631066,0.0,0.0,0.0,0.0,0.0,0.0,0.0,0.0,0.0,0.0
NWHI,Pearl & Hermes,PHR-322,Backreef,27.79144585,-175.8742823,3.0,10.0,10.0,7.5,67.0,5.5,1.75,2.003405354,2.016599232,13.99969375,0.0,0.075713427,0.08965922400000001,0.288119484,7.770561389000001,0.0,0.0,0.0,0.0,0.0,0.0,0.0,0.0,0.0,0.0,0.0,0.0
NWHI,Kure,KUR-192,Forereef,28.38306614,-178.300265,11.0,15.0,32.5,0.25,37.0,15.0,2.5,0.9035396249999998,0.0,2.453809987,0.0,0.11273115,1.042854633,0.47496436900000005,8.413427625,0.293191001,0.0,0.0,0.0,0.0,0.0,0.0,0.0,0.0,0.0,0.0,0.0
NWHI,Kure,KUR-174,Lagoon,28.42997471,-178.291558,1.5,10.0,5.0,4.25,59.5,21.25,1.75,1.059497132,0.03619472,0.100987202,0.0,0.0,0.000491596,0.253394566,7.997823971999999,0.055070206,0.0,0.0,0.0,0.0,0.0,0.0,0.0,0.0,0.0,0.0,0.0
NWHI,Kure,KUR-181,Backreef,28.38819461,-178.313905,1.0,5.25,11.25,0.0,61.0,22.5,1.25,0.043925322,0.0,16.04459806,0.0,0.0,0.88731049,0.17615315,0.9130509720000001,0.08017813100000001,3.334157298,0.0,0.0,0.0,0.0,0.0,0.0,0.0,0.0,0.0,0.0
NWHI,Kure,KUR-194,Forereef,28.38047706,-178.3296686,26.0,16.5,33.75,5.0,36.75,7.75,2.5,3.359995141,5.424777473,0.168436107,0.05084668,0.620923596,8.099005024000002,0.48843195500000003,7.745857388,33.490361767,0.0,0.0,0.0,0.0,0.0,0.0,0.0,0.0,0.0,0.0,0.0
NWHI,Kure,KUR-168,Forereef,28.38486146,-178.3357237,11.0,27.5,13.75,0.0,54.0,4.25,3.0,3.3650559099999997,3.885786433,10.680617372,0.021512655,0.339270293,10.775544318000001,0.5544184529999999,9.774823175999998,0.3305082,186.32837628,0.0,0.0,0.0,0.0,0.0,0.0,0.0,0.0,0.0,0.0
NWHI,Kure,KUR-191,Forereef,28.38883541,-178.3588074,13.5,30.0,6.25,0.5,52.25,10.5,3.25,2.904760537,9.263844716000001,28.249957999000003,0.06946795,0.9235672540000001,6.3615256890000005,0.798607659,6.9716456340000015,0.195548601,88.757577246,0.0,0.0,0.0,0.0,0.0,0.0,0.0,0.0,0.0,0.0
NWHI,Kure,KUR-171,Forereef,28.3847701,-178.3613476,28.0,0.5,82.5,0.0,7.0,10.0,2.0,1.050303166,0.307725874,0.0,0.0,0.0,10.931130793,1.06747312,10.059322110999998,0.0,264.2929944,0.0,0.0,0.0,0.0,0.0,0.0,0.0,0.0,0.0,0.0
NWHI,Kure,KUR-200,Lagoon,28.4116683,-178.3404009,7.5,1.75,32.0,0.0,40.0,26.25,3.25,1.0894654,15.578583267000003,4.236487416999999,0.009106775,0.29069255,0.397678466,0.626373292,5.105434705,0.40194385600000004,3.841282804,0.0,0.0,0.0,0.0,0.0,0.0,0.0,0.0,0.0,0.0
NWHI,Kure,KUR-196,Backreef,28.45132618,-178.3268989,2.5,21.25,8.75,0.0,48.75,21.25,2.25,2.9766276229999997,20.384446682,6.503162756,0.022636219,0.5819718070000001,0.13430629100000002,1.3915332899999997,13.703959489999999,0.290723921,25.60370954,0.0,0.0,0.0,0.0,0.0,0.0,0.0,0.0,0.0,0.0
NWHI,Kure,KUR-159,Forereef,28.39618198,-178.3634197,5.5,2.0,2.5,0.25,89.75,5.5,2.5,4.127119995,10.00931634,16.634227169000003,0.0,0.0,0.300482639,1.530987173,13.293368905000001,0.17023018,0.0,0.0,0.0,0.0,0.0,0.0,0.0,0.0,0.0,0.0,0.0
NWHI,Kure,KUR-176,Lagoon,28.41291226,-178.3359306,7.5,4.25,18.75,0.0,38.25,38.75,3.25,1.6818461770000002,26.736248163,6.63391821,0.071929829,1.569030859,3.3262136279999996,1.1583486699999999,6.278913372,0.879927763,97.66903890600001,0.0,0.0,0.0,0.0,0.0,0.0,0.0,0.0,0.0,0.0
NWHI,Kure,KUR-198,Lagoon,28.41451622,-178.3251918,2.25,0.25,25.75,0.25,23.25,50.0,1.0,0.005137746,0.059426644,0.006999784,0.0,0.0,0.003692256,0.116504774,0.43175923,0.0,0.0,0.0,0.0,0.0,0.0,0.0,0.0,0.0,0.0,0.0,0.0
NWHI,Kure,KUR-175,Lagoon,28.40468994,-178.3383107,2.5,3.0,45.0,0.0,38.25,11.25,2.0,0.850045274,0.081295971,6.334240792,0.001061316,0.014596622,0.029830965,0.8861485,17.018573702,0.254428233,0.0,0.0,0.0,0.0,0.0,0.0,0.0,0.0,0.0,0.0,0.0
NWHI,Kure,KUR-243,Lagoon,28.40597313,-178.351334,8.0,1.0,73.0,1.5,8.0,16.5,1.0,0.013345854,0.344237906,0.0,0.0,0.0,0.0,0.01387461,0.9008268589999999,3.117174939,70.97632616,0.0,0.0,0.0,0.0,0.0,0.0,0.0,0.0,0.0,0.0
NWHI,Kure,KUR-160,Forereef,28.39416655,-178.3618592,5.5,5.0,0.0,37.5,49.75,7.75,3.25,3.450281534,15.370253904,35.316532456,0.075493485,0.664190239,0.884239257,2.069538078,7.633294102,2.260031439,3.334157298,0.0,0.0,0.0,0.0,0.0,0.0,0.0,0.0,0.0,0.0
NWHI,Kure,KUR-156,Backreef,28.42930432,-178.3680295,1.5,18.75,3.75,0.0,63.75,13.75,2.25,6.024654368,8.38083835,6.041964167000001,0.045680157,0.900958251,1.664381098,1.328933278,7.557047947,0.110608771,0.0,0.0,0.0,0.0,0.0,0.0,0.0,0.0,0.0,0.0,0.0
NWHI,Kure,KUR-241,Forereef,28.38440247,-178.3074384,4.5,13.75,7.5,13.75,58.75,6.25,2.75,2.61075743,11.050479138,6.449944517,0.0,0.529689748,0.246837372,0.9702537659999999,9.148747023999999,6.4225391510000005,3.5838799800000003,0.0,0.0,0.0,0.0,0.0,0.0,0.0,0.0,0.0,0.0
NWHI,Kure,KUR-169,Forereef,28.43325983,-178.3748214,21.5,26.25,20.0,18.75,36.75,0.5,2.25,5.036188213,16.046627567,4.30611949,0.043215165,0.231340942,0.5760913080000001,0.25170141399999996,7.001443164,0.748877994,220.31266426,0.0,0.0,0.0,0.0,0.0,0.0,0.0,0.0,0.0,0.0
NWHI,Kure,KUR-165,Forereef,28.45236302,-178.3492277,13.0,20.0,20.0,2.75,56.25,0.25,2.0,3.601275117,1.134317227,10.52821516,0.0,0.554929226,0.671642195,0.264574687,6.470931810000001,0.055070206,4.90068131,0.0,0.0,0.0,0.0,0.0,0.0,0.0,0.0,0.0,0.0
NWHI,Kure,KUR-186,Forereef,28.44921973,-178.3528083,11.0,15.0,3.0,5.0,74.5,1.75,2.75,1.643564135,7.538799527999999,3.268823263,0.0,0.40491630599999995,0.036511296,1.1349834479999998,8.15780286,0.875962955,18.02674151,0.0,0.0,0.0,0.0,0.0,0.0,0.0,0.0,0.0,0.0
NWHI,Kure,KUR-187,Forereef,28.43960493,-178.3647671,9.5,15.0,1.0,6.25,77.25,0.0,2.75,5.268603004999999,10.277813371,7.242952455,0.027836978,0.45306807400000004,0.487305141,0.8140426589999998,11.061168870000001,0.058639995,0.0,0.0,0.0,0.0,0.0,0.0,0.0,0.0,0.0,0.0,0.0
NWHI,Kure,KUR-166,Forereef,28.43719161,-178.2896484,13.0,20.0,37.5,0.0,42.5,0.0,2.0,2.284580876,1.847046166,0.0,0.001176473,0.26312653199999997,1.0814794349999999,0.260384529,10.026129443,1.122714336,73.390862198,0.0,0.0,0.0,0.0,0.0,0.0,0.0,0.0,0.0,0.0
NWHI,Kure,KUR-188,Forereef,28.42410763,-178.2860534,10.0,17.5,15.0,10.0,55.0,2.5,4.0,15.206163261,30.76486271,20.740129008,0.0,0.08701284,0.7584719099999999,0.9538615599999999,6.236106174000001,0.031017635,0.0,0.0,0.0,0.0,0.0,0.0,0.0,0.0,0.0,0.0,0.0
NWHI,Kure,KUR-164,Forereef,28.45271339,-178.3068335,12.0,30.0,5.5,11.25,47.0,5.5,4.0,1.7172667830000001,6.2889265850000005,8.699143016,0.044674863,0.245770651,0.499044656,0.436826919,7.512206278000001,0.228317243,7.155316546,0.0,0.0,0.0,0.0,0.0,0.0,0.0,0.0,0.0,0.0
NWHI,Kure,KUR-170,Forereef,28.41135699,-178.382783,24.0,20.0,25.0,0.5,51.0,3.0,2.0,6.0363715010000005,9.967389067,6.5439635670000005,0.066430283,0.352527562,5.366011944,0.9128892129999999,7.170366797,1.0800801,13.35066955,0.0,0.0,0.0,0.0,0.0,0.0,0.0,0.0,0.0,0.0
NWHI,Lisianski,LIS-147,Forereef,26.02048474,-173.8759265,14.5,63.75,17.5,13.75,3.75,1.25,3.5,17.554773617,7.085978926999999,3.037273598,0.096050645,0.182294986,8.414120681,0.040875146,23.178619091,2.547207859,164.69040136,0.0,0.0,0.0,0.0,0.0,0.0,0.0,0.0,0.0,0.0
NWHI,Lisianski,LIS-149,Forereef,26.00485149,-173.8977095,9.0,2.0,52.25,1.5,8.0,36.25,3.25,14.862096005,9.08688501,0.198807076,0.006837862,0.040875146,0.365359256,0.253678948,1.961701808,0.0,354.89981474000007,0.0,0.0,0.0,0.0,0.0,0.0,0.0,0.0,0.0,0.0
NWHI,Lisianski,LIS-174,Forereef,25.99569786,-173.8657271,13.75,62.5,10.0,10.0,17.5,0.0,2.5,1.711280575,2.55456684,1.174136508,0.008540325,0.020611198,0.048193612,0.104428279,2.091189219,0.6124136069999999,186.35472147800002,0.0,0.0,0.0,0.0,0.0,0.0,0.0,0.0,0.0,0.0
NWHI,Lisianski,LIS-138,Forereef,25.99311079,-173.9130338,5.0,1.0,50.0,0.0,44.0,35.0,1.5,0.0,0.002154735,0.0,0.0,0.0,0.007384511,0.12839582500000002,0.010340939,0.0,38.84612596,0.0,0.0,0.0,0.0,0.0,0.0,0.0,0.0,0.0,0.0
NWHI,Lisianski,LIS-160,Forereef,25.95852119,-173.8674763,23.0,71.25,11.25,8.75,3.75,5.0,3.0,1.032092414,3.174675805,2.069155288,0.152692545,0.355588555,1.392508604,0.105441386,2.877575708,1.2854994739999999,2410.6798532,0.0,0.0,0.0,0.0,0.0,0.0,0.0,0.0,0.0,0.0
NWHI,Lisianski,LIS-152,Forereef,25.95009813,-173.8803839,13.0,46.25,27.5,3.0,22.75,0.5,3.0,2.1943198730000004,2.04127206,0.0,0.004537826,0.147733071,0.36132594799999995,0.104555283,3.8704029049999997,0.423601025,139.012553316,0.0,0.0,0.0,0.0,0.0,0.0,0.0,0.0,0.0,0.0
NWHI,Lisianski,LIS-150,Forereef,25.96597664,-173.8799546,12.0,28.75,26.25,11.5,23.5,10.0,3.25,22.714719123,16.636143709,5.299363484000001,0.082841775,0.170419916,0.326551788,0.29166725,7.01337921,0.469693442,11.559143946,0.0,0.0,0.0,0.0,0.0,0.0,0.0,0.0,0.0,0.0
NWHI,Lisianski,LIS-140,Backreef,25.9634795,-173.930271,3.25,4.25,23.75,0.75,61.25,10.0,2.0,1.370190875,0.126923425,0.201974404,0.0,0.0,0.059244589,0.402082458,0.419751255,0.0,64.93022842,0.0,0.0,0.0,0.0,0.0,0.0,0.0,0.0,0.0,0.0
NWHI,Lisianski,LIS-164,Backreef,25.96677032,-173.8967245,2.0,1.0,16.25,0.5,66.0,16.25,1.5,0.203069897,0.0,0.0,0.0,0.0,0.0,0.632496836,0.88335395,0.0,0.0,0.0,0.0,0.0,0.0,0.0,0.0,0.0,0.0,0.0,0.0
NWHI,Lisianski,LIS-156,Forereef,26.08378856,-173.9122009,25.0,25.0,20.0,7.5,2.5,40.0,4.0,1.595828269,12.27642798,0.0,0.086697993,0.29418321000000003,0.282979288,0.347231285,8.445386737,0.746701941,255.69685203999998,0.0,0.0,0.0,0.0,0.0,0.0,0.0,0.0,0.0,0.0
NWHI,Lisianski,LIS-146,Forereef,26.05233723,-173.9039747,17.0,43.75,20.0,10.0,8.75,17.5,4.75,6.070770244,15.341057415999998,1.630861204,0.137706516,0.054655938,0.68674994,0.9061449540000001,17.15743035,3.821425707,130.95862972,0.0,0.0,0.0,0.0,0.0,0.0,0.0,0.0,0.0,0.0
NWHI,Lisianski,LIS-145,Forereef,26.07116994,-173.9231853,13.0,35.0,17.5,15.0,26.0,6.5,3.5,9.615494231,16.102065575,0.807511989,0.149704676,0.657755607,2.798341757,0.518846731,15.518415078,0.8377694469999999,63.12242088,0.0,0.0,0.0,0.0,0.0,0.0,0.0,0.0,0.0,0.0
NWHI,Lisianski,LIS-165,Forereef,26.08411672,-173.9446185,13.5,40.0,20.0,12.5,25.0,2.5,2.75,7.65733116,6.808870816000001,1.88451273,0.021319689,0.077834606,0.890487714,0.786881918,3.0516606050000004,0.404987239,59.49665308,0.0,0.0,0.0,0.0,0.0,0.0,0.0,0.0,0.0,0.0
NWHI,Lisianski,LIS-155,Forereef,26.08821698,-173.9862654,14.5,30.0,21.25,15.0,32.25,1.5,3.25,9.961444489,12.223709244999998,1.787197996,0.095562004,0.0,4.448933939,0.26093508600000004,7.729536081,0.419969066,192.477814422,0.0,0.0,0.0,0.0,0.0,0.0,0.0,0.0,0.0,0.0
NWHI,Lisianski,LIS-176,Forereef,26.10029966,-173.970448,22.0,27.5,15.0,25.0,7.5,25.0,5.0,0.475857117,8.559429947,0.0,0.113763104,0.948101477,0.15109020199999998,0.08902713000000001,42.084982276000005,0.260889178,0.0,0.0,0.0,0.0,0.0,0.0,0.0,0.0,0.0,0.0,0.0
NWHI,Lisianski,LIS-142,Forereef,26.09191541,-173.9565957,14.0,33.75,20.0,25.0,20.0,0.0,3.5,2.4405705269999998,13.128177482000002,2.736171764,0.061164164,0.11633653099999999,0.5468103879999999,0.520306001,3.234068392,11.155158026,119.010135542,0.0,0.0,0.0,0.0,0.0,0.0,0.0,0.0,0.0,0.0
NWHI,Lisianski,LIS-141,Forereef,26.08844421,-173.977783,13.0,30.0,17.5,27.5,17.5,5.0,3.25,3.06532411,10.578643922,0.0,0.079614254,0.024320681,0.593348985,0.32633504399999996,4.284653833,0.284663315,248.189483446,0.0,0.0,0.0,0.0,0.0,0.0,0.0,0.0,0.0,0.0
NWHI,Lisianski,LIS-157,Forereef,26.05743787,-174.0264062,24.0,10.0,10.0,10.0,65.0,5.0,3.0,5.1744437350000005,18.07551286,0.0,0.216103836,0.106882244,2.672275569,0.99352482,3.7682341929999996,1.056049555,1.039088246,0.0,0.0,0.0,0.0,0.0,0.0,0.0,0.0,0.0,0.0
NWHI,Lisianski,LIS-137,Forereef,26.03912677,-173.9712633,5.0,3.0,50.0,4.25,34.0,8.75,2.0,2.23165641,0.245427329,1.361375863,0.0,0.0,0.041437727,0.424977378,1.069041229,0.0,212.47206602,0.0,0.0,0.0,0.0,0.0,0.0,0.0,0.0,0.0,0.0
NWHI,Lisianski,LIS-173,Forereef,26.02071583,-174.0103305,12.5,8.75,12.5,27.5,46.0,5.25,4.5,6.3675739,15.137903774,1.6345524580000002,0.086604622,0.223391061,1.0958090059999999,0.49578571,5.3705484839999995,0.9716865779999999,294.491421712,0.0,0.0,0.0,0.0,0.0,0.0,0.0,0.0,0.0,0.0
NWHI,Lisianski,LIS-179,Forereef,26.0001821,-174.0304875,20.0,60.0,7.5,15.0,2.5,15.0,2.0,4.617769127,9.860817949000001,0.050705776,0.327831454,0.5473800879999999,0.349837179,0.9307819199999999,2.9855951780000005,0.271428031,189.88244375000002,0.0,0.0,0.0,0.0,0.0,0.0,0.0,0.0,0.0,0.0
NWHI,Lisianski,LIS-180,Forereef,25.96691323,-174.0123502,20.0,40.0,10.0,15.0,27.0,8.0,3.0,10.02750101,12.636919840000001,0.0,0.273887973,2.2268848390000002,5.484895494000001,0.303540867,3.633661843,1.194848732,398.27103537999994,0.0,0.0,0.0,0.0,0.0,0.0,0.0,0.0,0.0,0.0
NWHI,Lisianski,LIS-153,Forereef,25.94523344,-173.9705902,14.0,52.5,7.5,27.5,12.5,0.0,3.0,5.992199758999999,6.014359863999999,2.052005366,0.282310028,2.383332479,2.197936287,0.031360991,5.858444383,0.947524684,137.4450797,0.0,0.0,0.0,0.0,0.0,0.0,0.0,0.0,0.0,0.0
NWHI,Lisianski,LIS-154,Forereef,25.93626782,-173.9468795,12.0,48.75,1.75,25.0,24.5,0.0,3.0,2.652235482,1.473450374,0.77706802,0.147756337,0.267927039,8.310008762,0.340268655,14.888705191999998,1.0130341010000001,781.9830308859999,0.0,0.0,0.0,0.0,0.0,0.0,0.0,0.0,0.0,0.0
NWHI,Lisianski,LIS-199,Forereef,25.88560693,-173.8599445,26.0,1.0,87.5,0.5,3.5,7.5,1.0,0.0,0.0,0.0,0.0,0.0,0.113507632,0.10655119900000001,1.4880660190000001,0.0,66.58506062,0.0,0.0,0.0,0.0,0.0,0.0,0.0,0.0,0.0,0.0
MHI,Hawaii,HAW-457,Forereef,20.20014013,-155.7091341,21.75,7.5,0.0,11.25,73.25,7.5,2.25,6.411315309,1.569472532,3.581926301,0.074740293,0.6563016230000001,8.926174043,0.692152242,10.070507115999998,1.3298926899999999,6.50151752,783.552930446,809.905318382,2218.0,342900.0,0.01925,0.0,0.042816666666667,0.0,0.0,0.07155
MHI,Hawaii,HAW-150,Forereef,20.23244122,-155.7512105,10.25,8.75,1.75,4.0,78.5,7.0,2.25,5.79387864,1.0097324159999999,2.058652815,0.003943364,0.6945701950000001,0.716976865,0.530940237,4.468949315,0.978861734,0.0,134.867309506999,364.954344365,5956.0,1054280.0,0.1053,0.0,0.45008,0.0,0.0,0.22978
MHI,Hawaii,HAW-146,Forereef,20.23945042,-155.7513162,22.0,5.0,0.0,2.75,76.0,16.25,1.75,9.781525442,4.500469278,0.380539462,0.0,0.34811896999999997,0.163095726,0.533294738,13.772839276000001,0.0,0.0,451.730636324999,901.315505816,5593.0,1038880.0,0.119125,0.0,0.513925,0.0,0.0,0.287225
MHI,Hawaii,HAW-167,Forereef,20.26778779,-155.855388,6.0,10.0,0.0,2.0,71.75,16.25,1.75,2.250275196,1.500073321,1.068777622,0.00067227,0.5850488,0.083527019,0.812859434,1.1798502979999999,0.006311138,0.0,44.0901616932999,118.649527775,6055.0,1047280.0,0.1341,0.0,0.0,0.0,0.0,0.0
MHI,Hawaii,HAW-178,Forereef,19.98708649,-155.2322548,13.5,12.5,0.0,6.25,71.25,10.0,4.25,14.017694395,4.603835617,14.692948137,0.058338138,0.850213001,1.05591366,1.637427474,8.667619272,2.828402053,0.0,181.693771201999,322.344116782,2902.0,553560.0,0.261855555555556,0.0,0.129655555555556,0.0,0.0,0.0
MHI,Hawaii,HAW-354,Forereef,20.03393152,-155.3185486,16.0,20.0,0.0,2.5,72.5,5.0,4.0,14.033303495,0.011112471,1.765436871,0.036302606,0.709204484,1.2642187249999999,1.8715612650000002,6.317383112,3.110895582,2.24139312,153.448030985999,304.837726916,2960.0,445000.0,0.017266666666667,0.0,0.0,0.0,0.0,0.0
MHI,Hawaii,HAW-525,Forereef,20.06635465,-155.3824007,24.0,20.0,2.5,5.0,70.0,2.5,2.5,14.545966224,5.436172635,0.192355816,0.121693406,0.377929913,9.127983742,4.417860139,18.681501531000002,6.155715405,0.0,227.313947356999,517.249131429,7529.0,1042800.0,0.048385714285714,0.0,0.035928571428571,0.0,0.0,0.0
MHI,Hawaii,HAW-315,Forereef,19.98493443,-155.226814,24.5,4.5,2.0,4.25,66.75,22.5,2.5,28.329157131000002,4.839186323,2.050680328,0.000778091,0.009724059,3.4280903780000003,0.743793479,16.801673116,0.255861143,54.33095197,267.366826061999,272.345809561,2656.0,554160.0,0.2612875,0.0,0.097,0.0,0.0,0.0
MHI,Hawaii,HAW-194,Forereef,20.02240791,-155.2914663,11.0,26.25,1.5,5.5,52.75,13.75,3.0,7.9292755669999995,3.693391438,1.591105441,0.0,0.18300297100000001,1.233251685,0.606858746,6.4018493,0.18931983900000002,0.0,102.904737025,136.680461151999,3507.0,631760.0,0.062285714285714,0.0,0.0,0.0,0.0,0.0
MHI,Hawaii,HAW-323,Forereef,20.04969385,-155.3492215,12.0,31.25,0.5,3.0,61.25,4.0,3.25,4.8658005499999994,0.0,4.299117807,0.00159353,0.264963621,2.7698673960000004,0.730707196,4.462226575,3.179415245,0.0,102.676521437,195.346688997,3752.0,601200.0,0.10965,0.0,0.0,0.0,0.0,0.0
MHI,Hawaii,HAW-198,Forereef,20.05500748,-155.3638895,4.5,4.0,0.25,7.75,85.5,1.25,3.0,4.365378893,4.913386055,6.323972911,0.22158782,0.050064306,0.281311614,0.66195923,3.7463733630000005,0.526042412,0.0,76.9534459241999,400.321859731,5224.0,707500.0,0.097783333333333,0.0,0.041916666666667,0.0,0.0,0.0
MHI,Hawaii,HAW-190,Forereef,19.75809826,-155.087413,11.5,10.0,35.0,8.75,30.0,16.25,1.0,0.527898944,0.0,0.0,0.0,0.0,0.0,0.002999485,1.169270531,0.0,0.0,289.259065400999,527.392430408,70320.0,6881900.0,0.333157142857143,0.0,0.283471428571429,0.085571428571429,0.024114285714286,0.0
MHI,Hawaii,HAW-272,Forereef,19.74435185,-155.0273058,21.0,27.5,2.5,7.5,40.0,22.5,2.0,8.082253843,5.365422015,0.0,0.180903006,0.45255673900000004,0.013227464,0.41304406499999996,3.258555617,1.777097877,0.0,850.692293413,5060.06106627,45281.0,4576200.0,0.0,0.0,0.0,0.0,0.0,0.0
MHI,Hawaii,HAW-302,Forereef,19.74751619,-155.0688391,10.0,21.25,4.25,7.0,55.0,12.5,2.0,17.589478248000002,0.0,0.171189981,0.0,0.6174563789999999,0.269192274,0.5059965,2.57470512,1.183064602,0.0,436.169230957,2315.38295088,80702.0,7177840.0,0.34985,0.0,0.0,0.0,0.0,0.0
MHI,Hawaii,HAW-177,Forereef,19.65415243,-154.971091,22.0,57.5,1.5,8.75,18.25,13.75,2.0,8.16763053,13.786993453000001,4.770025091,0.229960077,0.499483275,0.033781557000000004,0.153133508,4.698629473,1.7779125249999999,2.0172876,839.271640397,4398.15613612,23406.0,3020140.0,0.0,0.0,0.0,0.0,0.0,0.0
MHI,Hawaii,HAW-136,Forereef,19.66447676,-154.9769788,12.0,8.75,2.0,9.5,75.5,4.25,2.0,4.454152197,1.854949561,0.38699775799999997,0.002135081,0.040684495,0.240037182,0.542764558,4.843978427,0.0,0.0,526.831816112999,4727.8803987,24724.0,3250540.0,0.0,0.0,0.0,0.0,0.0,0.0
MHI,Hawaii,HAW-203,Forereef,19.74035217,-155.0356113,13.0,23.75,2.0,2.0,62.25,10.0,2.25,4.235941989,0.032045169,0.762736261,0.001260507,0.254874702,0.627736081,0.097564884,3.2391688140000006,0.23060032,0.0,211.0786643,4081.67672082999,62453.0,5971500.0,0.0,0.0,0.0,0.0,0.0,0.0
MHI,Hawaii,HAW-358,Forereef,19.75570179,-155.0729444,24.0,4.0,0.5,3.0,84.5,8.0,1.5,4.227190523,0.0,0.0,0.001344541,0.0,0.07434309900000001,0.050388117999999996,6.3839939580000005,0.327784231,0.0,1387.86024774,1968.76430568,69756.0,6863600.0,0.30345,0.0,0.27215,0.07525,0.0422,0.0
MHI,Hawaii,HAW-335,Forereef,19.00717646,-155.7955527,3.5,48.75,0.0,5.0,41.25,5.0,2.5,9.388559414,0.0,5.298436302000001,0.092353157,1.022604274,0.219033701,0.496553511,1.4368094319999998,1.161344694,0.0,18.9503507746,12074.9763895,3209.0,312500.0,0.0,0.0,0.0,0.0,0.0,0.0
MHI,Hawaii,HAW-246,Forereef,19.01212153,-155.8204122,13.0,70.0,0.0,10.0,7.5,12.5,5.0,4.419364368,4.720044481,5.6990296570000005,2.531760594,0.662472342,1.0386864070000001,1.958952763,5.886871782,17.817030032,0.0,167.838764316,14623.9830213,2689.0,255600.0,0.0099,0.0,0.0,0.0,0.0,0.0
MHI,Hawaii,HAW-447,Forereef,19.03992992,-155.8815182,6.0,28.75,0.0,11.25,57.5,2.5,4.0,14.317797835,1.066645735,3.833307766,1.942513919,0.585568401,1.105299261,2.031634667,1.647097544,0.627470089,0.879348226,21.8284550750999,19799.8454802,604.0,29000.0,0.0,0.0,0.0,0.0,0.0,0.0
MHI,Hawaii,HAW-290,Forereef,18.96924701,-155.7417628,23.0,37.5,1.5,7.5,43.5,10.0,1.75,3.378838382,5.846318183,1.076946333,0.024671704,0.374208199,0.938148341,1.3320794900000001,1.5976349569999997,2.885494135,0.0,105.107788197999,5980.87140062999,241.0,40200.0,0.0,0.0,0.0,0.0,0.0,0.0
MHI,Hawaii,HAW-181,Forereef,18.99763014,-155.7862736,14.5,33.75,0.75,11.25,48.75,5.5,2.25,5.5207537360000005,3.818317696,2.773322828,1.603527033,0.8298910700000001,2.2152944039999998,0.28860842899999994,2.046720741,5.816131995999999,0.0,50.6340578199,10906.2330012,1362.0,188900.0,0.0,0.0,0.0,0.0,0.0,0.0
MHI,Hawaii,HAW-503,Forereef,19.01857392,-155.838986,4.0,4.25,11.25,1.0,69.75,13.75,1.0,0.164264303,0.0,0.0,0.0,0.01407278,0.32750503400000003,0.130217814,1.0007596349999999,0.0,0.0,60.7336154771,16118.7117428,2108.0,198700.0,0.0099,0.0,0.0,0.0,0.0,0.0
MHI,Hawaii,HAW-531,Forereef,19.03261788,-155.8746872,25.0,15.0,3.0,7.5,54.5,20.0,1.5,6.115414535,0.0,1.192558591,1.6332000819999999,0.29808080000000003,1.100477023,0.085587302,2.339634277,1.732195838,0.0,91.2002052767,19258.5576775,726.0,42500.0,0.0,0.0,0.0,0.0,0.0,0.0
MHI,Hawaii,HAW-361,Forereef,20.12523802,-155.8932205,24.5,33.75,1.5,8.75,32.25,23.75,2.5,2.674943107,1.6375377740000001,1.175130649,0.134258017,0.17775291399999998,0.348568353,0.474166198,2.457313205,0.991030463,0.0,148.638970505999,848.907331195999,2075.0,342000.0,0.077166666666667,0.0,0.0,0.0,0.0,0.0
MHI,Hawaii,HAW-346,Forereef,20.08223919,-155.8678176,6.0,51.25,0.25,21.25,21.0,6.25,3.25,7.3367684230000005,0.486821573,1.525472522,0.239823157,1.545432567,0.19420821900000002,0.351970699,1.012216154,0.104992267,0.0,31.1653201106,178.245309182,3178.0,386600.0,0.069571428571429,0.0,0.0,0.0,0.0,0.0
MHI,Hawaii,HAW-094,Forereef,19.97885806,-155.8322626,4.0,53.75,5.75,11.25,25.0,4.25,3.0,8.749726867,0.9766267479999999,1.674754415,0.080261626,0.582847288,0.003697483,0.286549762,1.267841626,1.585654136,0.0,93.9730885684,834.103793505,16909.0,648000.0,0.2851,0.0994,0.0,0.0,0.1516,0.0
MHI,Hawaii,HAW-090,Forereef,19.9299064,-155.8927204,15.0,47.5,0.5,17.5,24.5,10.0,3.0,7.53650065,1.634124139,0.0,0.286906989,0.742000424,7.7420864069999995,0.24756328100000002,4.204282125,4.180995587,0.0,320.492189973999,3995.54728936999,5324.0,258100.0,0.3211,0.0,0.0,0.0,0.0,0.0
MHI,Hawaii,HAW-153,Forereef,20.05506028,-155.8444195,8.0,51.25,0.0,10.0,23.75,15.0,3.5,6.278915969,5.332435157,1.959946506,0.143423927,0.852122947,0.112652004,0.14941671699999998,4.166662718,2.052041108,0.0,80.9708132492,638.094378705,5629.0,537400.0,0.137716666666667,0.0,0.0,0.0,0.041883333333333,0.0
MHI,Hawaii,HAW-215,Forereef,20.01060066,-155.825602,2.0,36.25,0.0,12.5,40.0,11.25,2.5,4.502227747,1.420600951,4.283884207,0.015661412,0.166668389,0.141693028,0.31529720899999997,1.74369345,0.8449103699999999,0.0,13.7589676661,342.262230949,17147.0,849800.0,0.342875,0.0632,0.0,0.0,0.14645,0.0
MHI,Hawaii,HAW-111,Forereef,19.93578823,-155.8781193,4.0,57.5,0.0,12.5,22.5,7.5,2.0,4.204817374,3.942771872,4.8177479739999995,0.041036511,1.700347556,2.033141169,0.544451768,2.537331286,0.12399136399999999,0.0,71.0253046775,2900.63079388,12574.0,456800.0,0.3211,0.0,0.0,0.0,0.0,0.0
MHI,Hawaii,HAW-297,Forereef,19.1370999,-155.9174,13.5,53.75,0.25,8.75,31.0,6.25,4.0,2.9586497269999996,1.110174365,0.625223364,0.324322871,0.44270052899999995,1.477013935,0.291113859,0.781890258,4.246230257000001,0.0,199.951023835999,17471.4143842999,1556.0,223400.0,0.0,0.0,0.0,0.0,0.0,0.0
MHI,Hawaii,HAW-428,Forereef,19.21418038,-155.901572,11.5,57.5,3.0,4.0,28.0,7.5,3.25,3.9082151119999997,0.0,0.964968297,0.086557654,0.484519213,1.297558144,0.057851897,0.9971455850000001,0.485039566,0.0,113.546716323,10523.0217607,2833.0,285600.0,0.0,0.0,0.0,0.0,0.0,0.0
MHI,Hawaii,HAW-265,Forereef,19.24453033,-155.900432,23.5,27.5,3.0,5.0,54.5,10.0,2.0,3.355693482,5.539237468,3.299966442,0.053563207,0.174875472,0.22462367300000002,0.351808733,1.435901591,1.7055808169999997,0.0,94.3135089068999,9225.56861489999,3692.0,417300.0,0.0,0.0,0.0,0.0,0.0,0.0
MHI,Hawaii,HAW-138,Forereef,19.10705287,-155.9163557,24.5,28.75,2.75,6.25,58.25,4.0,2.5,5.952615112,3.575468947,3.057850726,1.1302337699999998,0.343379678,2.239547262,0.42495435,1.938972796,4.674837922,0.0,78.4631316711,20130.3784017,813.0,40000.0,0.0,0.0,0.0,0.0,0.0,0.0
MHI,Hawaii,HAW-173,Forereef,19.17447103,-155.9098846,11.0,47.5,0.0,25.0,22.5,5.0,4.25,7.802344826,5.78540803,3.213816213,0.150068823,0.942841535,2.154163259,0.42047299899999996,0.7044211250000001,10.389468928,0.0,71.1687657575999,13869.5022126,1744.0,235400.0,0.0,0.0,0.0,0.0,0.0,0.0
MHI,Hawaii,HAW-430,Forereef,19.2123574,-155.8998144,4.5,37.5,1.25,26.25,35.0,0.0,2.5,4.623214938,0.83874394,3.829707944,0.529041223,0.8130790090000001,3.240973026,1.262177533,2.285707611,0.94083697,0.0,67.3676842737999,10464.4244339,2554.0,285000.0,0.0,0.0,0.0,0.0,0.0,0.0
MHI,Hawaii,HAW-248,Forereef,19.25695055,-155.8994194,4.5,12.5,1.5,15.0,71.0,0.0,2.75,8.409654755,0.0,6.1647064789999995,1.93530341,0.412945477,2.247720626,0.43764665700000005,1.8336679529999997,0.060523095,0.0,15.8511217245,8951.23493416,4164.0,425700.0,0.0,0.0,0.0,0.0,0.0,0.0
MHI,Hawaii,HAW-233,Forereef,19.3660173,-154.9554415,14.0,22.5,0.0,10.0,50.0,17.5,2.25,9.527508251,6.740074006,2.351482909,1.005496584,0.663117119,1.415481818,2.5647028359999995,7.397162905999999,7.412429245,0.0,141.717080562,14036.3218528,3414.0,416800.0,0.0,0.0,0.0,0.0,0.0,0.0
MHI,Hawaii,HAW-219,Forereef,19.44592735,-154.8527585,23.5,5.5,2.75,16.25,72.75,2.5,1.75,1.944165102,2.894962101,1.94562915,0.115789253,0.137027094,3.389951378,0.49453955699999996,2.726268326,1.13103542,0.0,74.2284203176999,12042.3998678,8019.0,1375800.0,0.0,0.0,0.0,0.0,0.0,0.0
MHI,Hawaii,HAW-453,Forereef,19.41163539,-154.895444,11.0,27.5,1.25,4.25,46.75,20.0,1.5,7.935823958,1.164851608,0.38873265,0.406726363,0.30757550000000006,1.306846005,0.577905837,4.004171116999999,1.163771153,0.0,96.3490747351,11551.7749093999,9075.0,1195200.0,0.0,0.0,0.0,0.0,0.0,0.0
MHI,Hawaii,HAW-292,Forereef,19.39825846,-154.9172909,12.5,21.25,0.0,7.5,61.25,5.0,2.5,11.469765680000002,0.069838629,1.618772029,0.462069389,0.402205207,4.016747606,1.7255752170000003,4.036612963,1.724187833,0.0,87.4126346814999,11862.5386129,7148.0,954500.0,0.0,0.0,0.0,0.0,0.0,0.0
MHI,Maui,MAI-247,Forereef,20.72091138,-155.974224,28.0,7.5,1.25,6.25,75.0,10.0,1.0,13.232108585,0.0,0.0,0.0,0.085190697,0.321884327,0.58815664,7.048261839,0.0,0.0,1011.47833042,1360.47812881999,9257.0,448100.0,0.1445,0.0,0.1708,0.0,0.0148,0.195
MHI,Maui,MAI-214,Forereef,20.71382758,-155.983827,15.0,5.75,43.75,0.0,46.25,4.25,1.0,1.859697223,0.0,0.0,0.0,0.061680593,0.8687641869999999,0.15178270600000002,4.88995437,1.336935087,12.380072856,461.138211363999,503.020139592,12603.0,456300.0,0.155,0.0,0.1742,0.0,0.0148,0.195
MHI,Maui,MAI-233,Forereef,20.6837016,-156.0077445,13.5,17.5,0.0,10.0,68.75,3.75,4.0,8.635069501,6.2838377770000005,5.855127583,0.001067541,0.121610292,1.323728586,0.221316756,3.274045827,4.722180372,0.0,161.947386988999,258.647848033999,14800.0,383300.0,0.0927,0.0,0.06938,0.0,0.0,0.25224
MHI,Maui,MAI-232,Forereef,20.71870417,-155.9843535,5.5,10.0,1.5,5.0,80.5,2.75,2.0,9.900684052999999,13.943546706000001,8.094163034000001,0.0,0.272280718,0.337996197,0.29692333099999996,4.751924217999999,0.032037263,0.0,78.1510247661999,769.579232738999,17115.0,451700.0,0.161225,0.0,0.1738,0.0,0.0111,0.14625
MHI,Maui,MAI-262,Forereef,20.70219342,-155.9960137,5.25,5.0,2.75,11.25,80.5,0.25,3.5,4.794327134,0.028169837,1.294346726,0.0,0.024058303,0.29482293,0.493430397,1.353731233,0.010217307,0.0,73.1813218431999,248.847773485,20697.0,469900.0,0.1073,0.0,0.0851,0.0,0.0,0.3153
MHI,Maui,MAI-138,Forereef,20.69431418,-155.9979163,14.5,12.25,2.75,2.75,79.75,2.0,2.5,6.524550061,1.8728012079999998,3.9507785240000004,0.0,0.235472508,3.021594733,0.538484049,5.146569954,2.114452729,0.0,67.7328439494999,417.738558727999,15409.0,433600.0,0.0969,0.0,0.08148,0.0,0.0,0.25224
MHI,Maui,MAI-182,Forereef,20.86563164,-156.1592698,22.5,4.5,2.0,0.75,71.5,21.25,2.5,8.122365993999999,0.101953634,0.0,0.0,0.240717992,2.730990129,0.349037593,11.845758835,4.220243461,2.0172876,334.976842744,724.492071055,4427.0,208000.0,0.1142375,0.0,0.118425,0.0,0.0678125,0.0
MHI,Maui,MAI-178,Forereef,20.88027349,-156.1787089,15.0,14.5,2.0,3.75,77.25,2.0,3.5,7.938803389,4.205537988,3.159343213,0.078655646,0.251937082,1.9280917260000003,0.799891871,9.853087098,2.366129204,0.0,192.764667242999,244.172618172,7060.0,254400.0,0.03803,0.0,0.04248,0.0,0.04408,0.12341
MHI,Maui,MAI-255,Forereef,20.94429052,-156.2922054,14.5,3.0,4.25,0.75,87.25,4.75,2.0,4.051734765,0.028538469,1.618962709,0.01985999,0.072318698,0.24527160999999997,0.7209548530000001,5.19390237,0.0,0.0,196.857446298,306.423300832999,34708.0,2415200.0,0.1165375,0.0,0.1227625,0.0,0.0,0.0
MHI,Maui,MAI-200,Forereef,20.94686503,-156.2939629,24.0,5.0,5.5,3.0,81.5,5.0,3.5,7.370269766000001,2.334168126,1.376476321,0.073159212,0.0,5.776818540999999,0.953858329,6.843973188,0.0,0.0,485.624426095999,536.707739764,30437.0,2290300.0,0.125257142857143,0.0,0.1403,0.0,0.0,0.0
MHI,Maui,MAI-235,Forereef,20.90330738,-156.2112697,5.25,5.0,5.0,3.75,85.75,0.5,2.75,2.5018057380000003,0.277731013,1.398846651,0.025882413,0.039555024,0.258529844,0.8800679419999999,2.34214187,0.088664023,0.0,42.7257912285,97.1208898672,23759.0,1059300.0,0.0735375,0.0,0.0453625,0.0,0.0,0.0
MHI,Maui,MAI-092,Forereef,20.9291399,-156.2319431,5.0,5.0,20.0,4.5,70.5,0.0,2.5,4.2259221060000005,0.0,9.997179107000001,0.0,0.357892467,0.15881219200000002,0.6924947,2.9242191709999994,0.0,1.708170984,77.4065304335999,151.742441544999,26128.0,1874200.0,0.125016666666667,0.0,0.15275,0.0,0.0,0.0
MHI,Maui,MAI-093,Forereef,20.93279919,-156.2361633,15.0,1.5,16.25,0.25,80.75,1.25,2.0,17.342993149999998,0.05256412,5.047433015,0.0,0.008876515,0.131618429,0.15412773400000002,9.510155232999999,1.071426329,0.0,99.9704294075999,402.791991279,25726.0,1948500.0,0.1312625,0.0,0.1432875,0.0,0.0,0.0
MHI,Maui,MAI-103,Forereef,20.9508523,-156.5015992,23.5,40.0,2.75,8.75,48.5,0.0,2.0,3.6218570819999996,1.197627418,2.611231611,0.241021416,1.1827546610000002,0.8266215179999999,0.089693441,2.4624565570000003,2.978398002,0.0,797.566244419999,849.927029068,88470.0,892400.0,0.1771,0.0,0.17375,0.0,0.058716666666667,0.1036
MHI,Maui,MAI-257,Forereef,20.99273055,-156.5395724,15.0,11.25,4.0,4.0,74.25,6.25,2.75,10.347898895,2.553571185,2.138665854,0.081936077,0.264837381,3.173242401,1.1091967,5.958381311,1.948966404,0.720574582,76.2545729936999,807.152638089999,50570.0,418000.0,0.092233333333333,0.0,0.0759,0.0,0.059533333333333,0.0
MHI,Maui,MAI-185,Forereef,21.01818153,-156.5737248,6.0,6.25,0.5,7.5,85.25,0.25,3.0,2.2930455810000003,1.66794256,5.804461746,0.245858029,0.301391242,0.238927706,0.514396726,1.7868877390000002,0.163018801,1.41715803,41.9883158199,422.995527643,43410.0,294400.0,0.104311111111111,0.0,0.115611111111111,0.0,0.042122222222222,0.0
MHI,Maui,MAI-184,Forereef,21.00306887,-156.6710213,17.0,1.75,21.25,0.25,66.75,10.0,1.0,8.330837685,1.0703477460000002,0.008212458,0.0,0.027003076,0.350932757,0.487190695,3.279282143,0.0,11.790967394,280.967409879999,1014.76282099,53771.0,499900.0,0.462475,0.054925,0.342975,0.0,0.195275,0.27875
MHI,Maui,MAI-246,Forereef,20.97080265,-156.5252046,13.5,30.0,6.25,2.75,57.75,3.25,2.5,4.354925659999999,0.365392186,2.696801049,0.366876052,0.705286786,1.505943499,0.579020556,4.617891165,4.31701502,0.0,151.566743521,146.723596700999,75613.0,627300.0,0.0862,0.0,0.064,0.0,0.0,0.07895
MHI,Maui,MAI-116,Forereef,21.03183305,-156.5995799,6.0,3.25,1.0,25.0,70.25,0.25,4.0,4.000088483,2.288626481,6.805885707,0.078702332,0.739598984,0.647813872,0.8664192789999999,2.57345259,0.244588055,0.0,107.38735303,1495.72938651,28947.0,384800.0,0.149175,0.017525,0.199475,0.0,0.048125,0.0
MHI,Maui,MAI-095,Forereef,20.99470893,-156.6684327,2.25,3.5,55.5,1.25,39.5,0.25,2.0,3.914619828,0.227795584,0.898512246,0.00067227,0.045577783,0.593810912,0.888911981,2.4693212179999997,0.295214046,0.0,23.5522283453,106.717626186,70274.0,500500.0,0.49706,0.05218,0.368,0.0,0.20142,0.36114
MHI,Maui,MAI-152,Forereef,20.88389154,-156.6913231,10.0,70.0,0.0,2.5,27.5,0.0,3.0,2.0854570160000003,0.7570200469999999,1.824461451,0.116993738,0.134172611,0.08546579300000001,0.030639259999999998,1.6695787270000002,0.128640445,0.0,373.604257914,1277.42593213,49392.0,959400.0,0.4507,0.0448,0.21945,0.5423,0.1288,0.3455
MHI,Maui,MAI-110,Forereef,20.85815105,-156.6705218,3.0,18.75,2.5,7.5,70.0,1.25,1.5,5.295017629,0.649659006,2.65174601,0.007292267,0.242597823,2.046783465,0.270046378,1.9651191460000001,1.101725256,0.0,130.872813616999,138.872259351,26226.0,948500.0,0.357933333333333,0.0,0.569,0.3613,0.1234,0.726133333333333
MHI,Maui,MAI-194,Forereef,20.79761283,-156.5913139,3.0,23.75,2.5,6.25,60.0,7.5,2.0,2.360523476,0.006036574,0.0,0.0,0.040993658,0.645256573,0.22195883700000002,0.9731376899999999,0.46560901099999996,0.0,124.583434194,253.554183802,11157.0,610600.0,0.266825,0.0,0.28445,0.1529,0.2971,0.3141
MHI,Maui,MAI-170,Forereef,20.90675158,-156.700124,24.0,0.5,45.0,0.5,9.0,45.0,1.0,0.0,0.0,0.0,0.0,0.0,0.226760285,0.0,0.135831321,4.284052028,0.0,906.859808561,1411.97626552,66613.0,1097100.0,0.2987,0.0,0.3433,0.32995,0.09755,0.0
MHI,Maui,MAI-114,Forereef,20.88291278,-156.6905119,4.0,71.25,0.0,3.0,25.5,0.25,2.0,2.58040822,0.673068193,21.9543455,0.027479056,0.48388931700000004,2.071159946,0.171251448,0.8395974150000001,0.182492494,0.0,273.353738068999,1180.00379578999,48769.0,960400.0,0.4507,0.0448,0.21945,0.5423,0.1288,0.3455
MHI,Maui,MAI-173,Forereef,20.85585684,-156.6689049,9.0,11.0,3.0,0.5,65.5,20.0,1.25,1.562449457,0.549244748,0.392155598,0.0,0.359825144,4.64120829,0.245048349,1.5878991349999998,0.628969075,0.0,262.915536781,316.359686936,26790.0,949100.0,0.357933333333333,0.0,0.569,0.3613,0.1234,0.726133333333333
MHI,Maui,MAI-082,Forereef,20.79620434,-156.6009713,22.0,47.5,0.5,2.5,34.5,15.0,1.5,0.866446506,2.9122953340000004,0.39284314,0.14187397,0.506974827,11.609938263,0.260714325,3.8761498870000004,2.179183186,0.0,879.155515108,989.180423552999,5411.0,620800.0,0.28345,0.0227,0.294625,0.3255,0.313,0.50985
MHI,Maui,MAI-165,Forereef,20.79649955,-156.5947338,13.0,17.25,23.25,0.25,38.0,21.25,1.75,2.533428949,0.6048235289999999,2.567000095,0.012356082,0.486818105,4.916592711,0.39342027300000004,1.100349377,0.028158059,0.0,439.763344761999,441.726306025999,8750.0,622700.0,0.26586,0.01816,0.28252,0.2604,0.2787,0.40788
MHI,Maui,MAI-117,Forereef,20.58783182,-156.4258088,26.0,15.0,0.0,25.0,40.0,20.0,2.5,2.2144453630000003,3.231114098,0.977365265,0.031086285,1.339449748,0.04288139,0.14650376599999998,12.535557339999999,1.049062465,49.59005572,673.115594152999,7434.35644147,3728.0,122100.0,0.0,0.0,0.0,0.0,0.0,0.0
MHI,Maui,MAI-076,Forereef,20.64990526,-156.4466003,11.0,70.0,0.0,3.75,17.5,8.75,2.25,2.443062527,0.29935238399999997,0.187686299,0.050062364,0.681833146,6.9393055850000005,0.716039356,2.88464687,0.60773175,0.0,366.057789816,958.578512361999,33516.0,862400.0,0.4922,0.0,0.3305,0.0,0.2466,0.0
MHI,Maui,MAI-168,Forereef,20.6452015,-156.4459974,3.0,62.5,0.0,5.0,16.25,16.25,3.75,6.704897559,1.105020002,0.0,0.013874916,0.9516636589999999,0.706097381,0.341887931,68.42123317299999,1.203979353,0.0,63.3531384554,1389.60727114,29915.0,853100.0,0.4922,0.0,0.3305,0.0,0.2466,0.0
MHI,Maui,MAI-216,Forereef,20.703732,-156.4509649,13.0,77.5,0.25,5.0,11.5,5.75,2.5,1.48162712,1.9097542060000001,0.093134806,0.235910916,0.9427005310000001,0.051358623,0.09394272499999999,0.656961986,3.006354904,0.0,408.954518214,1121.57186512,53419.0,978700.0,0.658533333333333,0.0,0.231666666666667,0.0,0.136433333333333,0.0
MHI,Maui,MAI-199,Forereef,20.71490927,-156.4590817,22.0,76.5,1.0,10.0,12.0,0.5,3.0,1.6244733949999999,3.487793846,0.398754054,0.093769282,0.748930693,7.397954178,0.01585522,0.622903084,4.529249718,0.0,1253.91495705,1297.64002264,49244.0,910100.0,0.66545,0.0,0.23385,0.0,0.20275,0.0
MHI,Lanai,LAN-139,Forereef,20.928252,-156.9008701,30.0,25.0,2.5,5.0,25.0,42.5,2.0,9.808594600000001,10.314175468,0.0,0.0,0.0,8.181036368,0.7910495429999999,3.831663875,16.337733302,95.03268332,0.0,0.0,0.0,0.0,0.0,0.0,0.0,0.0,0.0,0.0
MHI,Lanai,LAN-086,Forereef,20.86122469,-156.8289592,3.5,51.25,4.25,7.5,34.5,2.5,3.5,3.969801756,2.027009095,2.0222238289999996,0.024677929,0.49584656699999996,0.103977106,0.051442859,1.058573212,0.055070206,0.0,0.0,0.0,0.0,0.0,0.0,0.0,0.0,0.0,0.0,0.0
MHI,Lanai,LAN-144,Forereef,20.82282426,-156.8013791,12.0,65.0,20.0,3.0,8.0,4.0,3.0,3.072040006,0.536408885,0.0,0.059807174,0.57859885,1.621034228,0.11378527199999999,2.5580796720000003,8.119095426,0.0,0.0,0.0,0.0,0.0,0.0,0.0,0.0,0.0,0.0,0.0
MHI,Lanai,LAN-075,Forereef,20.92158705,-156.9101182,4.0,3.0,0.5,2.75,91.25,2.5,1.0,2.072455524,0.32390396,0.267285435,0.0,0.014596622,0.0,0.066836067,1.4792520740000001,1.562413245,0.0,0.0,0.0,0.0,0.0,0.0,0.0,0.0,0.0,0.0,0.0
MHI,Lanai,LAN-071,Forereef,20.90102607,-156.8728603,4.0,46.25,3.25,4.5,43.5,2.5,3.25,4.706245458999999,6.818583791,4.944089975,0.04451302,0.464494631,0.41201151299999994,0.06272849999999999,3.8389146320000003,0.124349851,0.0,0.0,0.0,0.0,0.0,0.0,0.0,0.0,0.0,0.0,0.0
MHI,Lanai,LAN-105,Forereef,20.89274274,-156.8590085,12.0,53.75,26.25,7.5,10.0,2.5,2.25,1.046747694,3.6443820110000003,0.061882754,0.085960363,0.302162288,1.7839869640000001,0.144541055,2.818954678,4.197314603000001,0.519544124,0.0,0.0,0.0,0.0,0.0,0.0,0.0,0.0,0.0,0.0
MHI,Lanai,LAN-077,Forereef,20.84040161,-156.8136992,5.0,45.75,7.25,12.5,32.0,2.5,3.25,15.495663767,10.712625246,2.955048917,0.061833322,0.669316722,0.16316178,0.073053564,1.2637384910000002,0.537362559,0.0,0.0,0.0,0.0,0.0,0.0,0.0,0.0,0.0,0.0,0.0
MHI,Lanai,LAN-140,Forereef,20.83885431,-156.8118095,11.5,45.0,1.25,11.75,30.5,11.5,3.0,3.8438988429999994,8.584707982,0.0,0.116119164,1.154413898,0.048396819,0.017432895,5.148761757,6.138343163,0.0,0.0,0.0,0.0,0.0,0.0,0.0,0.0,0.0,0.0,0.0
MHI,Lanai,LAN-094,Forereef,20.73622512,-156.9271747,4.0,11.25,0.0,7.5,80.75,0.5,2.5,4.010866436,3.024760561,2.786114528,0.0,0.318757901,2.930680944,1.252697462,0.874059987,0.7884578489999999,0.0,0.0,0.0,0.0,0.0,0.0,0.0,0.0,0.0,0.0,0.0
MHI,Lanai,LAN-099,Forereef,20.73600585,-156.9372327,4.5,12.0,0.5,2.0,75.5,10.0,2.5,3.825405500999999,3.946009336,4.348277724,0.005378164,0.484468908,0.14082768,0.113379212,1.6312138749999998,0.13080867200000001,0.0,0.0,0.0,0.0,0.0,0.0,0.0,0.0,0.0,0.0,0.0
MHI,Lanai,LAN-131,Forereef,20.73142715,-156.964147,14.0,22.5,1.5,2.5,63.5,10.0,3.0,9.305973155,2.44118534,2.945377258,0.005378164,0.806422351,8.737256384,1.199247282,2.61702726,0.385453238,0.0,0.0,0.0,0.0,0.0,0.0,0.0,0.0,0.0,0.0,0.0
MHI,Lanai,LAN-132,Forereef,20.78225258,-156.9914245,4.5,6.5,1.75,2.75,82.5,6.5,2.0,2.958926886,0.832941754,0.251170358,0.00892937,0.20990206,0.058399254,0.28040299,3.816672432,0.546732238,0.0,0.0,0.0,0.0,0.0,0.0,0.0,0.0,0.0,0.0,0.0
MHI,Lanai,LAN-082,Forereef,20.73919407,-156.8797421,17.0,32.5,40.0,2.5,20.0,5.0,2.0,3.794931008,5.275803449,0.387383452,0.086722892,0.5451204629999999,6.544602635,1.196739392,2.8728273079999997,5.976955435,74.78777088,0.0,0.0,0.0,0.0,0.0,0.0,0.0,0.0,0.0,0.0
MHI,Lanai,LAN-074,Forereef,20.81102941,-156.9875116,3.5,33.75,2.5,8.75,53.75,1.25,2.75,2.5970982360000003,3.010724408,3.055588787,0.0,0.111823171,3.3266233749999996,0.21827746200000003,2.2637284520000005,0.656486948,0.0,0.0,0.0,0.0,0.0,0.0,0.0,0.0,0.0,0.0,0.0
MHI,Lanai,LAN-113,Forereef,20.86534398,-157.0423951,12.0,30.0,3.75,6.75,58.0,1.5,2.5,5.016505844999999,1.8312249399999998,2.942027683,0.078089196,0.547214116,4.111368421999999,1.029379805,4.221976124,5.3230215659999995,0.0,0.0,0.0,0.0,0.0,0.0,0.0,0.0,0.0,0.0,0.0
MHI,Lanai,LAN-133,Forereef,20.88146816,-157.0590168,26.0,12.5,10.0,2.5,60.0,15.0,1.0,9.030506223,0.0,0.0,0.0,0.0,14.374341534,0.342879233,18.374206631,1.312356959,3.517392902,0.0,0.0,0.0,0.0,0.0,0.0,0.0,0.0,0.0,0.0
MHI,Molokai,MOL-088,Forereef,21.19739902,-157.2590371,22.0,6.25,26.25,2.5,58.75,6.25,1.0,4.802693783,3.410291288,3.260043044,0.0,0.18579284000000001,0.004327589,0.062367922,6.05633484,0.0,12.380072856,1080.36563467,1245.43721843,5392.0,118300.0,0.15218,0.0,0.16982,0.0,0.01794,0.0
MHI,Molokai,MOL-069,Forereef,21.16732811,-157.2724416,12.0,0.0,12.75,1.5,22.0,63.75,1.0,0.0,0.0,0.0,0.0,0.0,0.038259838,0.009418382,1.076369201,0.0,0.0,740.470452497,857.947284939,7157.0,118300.0,0.16358,0.0,0.21856,0.0,0.0573,0.0
MHI,Molokai,MOL-075,Forereef,21.08174686,-157.2574898,11.0,51.25,6.25,3.75,35.0,3.75,2.0,6.642324392,0.991428582,2.147597821,0.019399361,0.6865891289999999,1.003632673,0.133899226,2.0014791329999997,1.998318249,0.0,714.516170949999,723.884901631,5436.0,37900.0,0.063325,0.0,0.131075,0.0,0.0,0.0
MHI,Molokai,MOL-060,Forereef,21.07712617,-157.2545208,21.0,22.5,2.5,5.0,47.5,22.5,1.5,21.539964651,0.0,1.376476321,0.0,0.0,6.5190006700000005,0.5300332670000001,5.97148505,4.877706989,17.79781846,930.577571768999,1279.52017204,5219.0,33000.0,0.063325,0.0,0.131075,0.0,0.0,0.0
MHI,Oahu,OAH-083,Forereef,21.32351054,-157.6684372,3.0,13.75,3.5,20.0,35.0,27.5,3.0,3.3358396380000004,2.753440223,1.376476321,0.00159353,0.446895706,0.637050125,0.409325174,2.309085306,0.0,0.0,483.694517082,1795.16551456999,231563.0,726118.0,0.4951,0.0,0.3457,0.0,0.1145,0.594
MHI,Oahu,OAH-182,Forereef,21.33336422,-157.6780721,4.0,1.75,21.25,6.25,32.0,38.75,2.0,0.39329080400000005,0.019043468,0.0,0.0,0.012029151,0.040343049,0.092427177,1.659967089,0.0,0.0,905.83829729,1420.24662883,286381.0,771318.0,0.4951,0.0,0.3457,0.0,0.1145,0.594
MHI,Oahu,OAH-159,Forereef,21.38703053,-157.7023715,3.0,13.75,18.75,6.25,18.75,42.5,2.0,0.652047901,0.05844448,0.0,0.008039234,0.012029151,0.0,0.167829739,0.26519391000000003,0.0,0.0,804.72319368,806.864461675,277028.0,825283.0,0.6865,0.0,0.1362,0.0,0.1626,0.0
MHI,Oahu,OAH-101,Forereef,21.37001191,-157.6834691,12.0,12.5,10.0,6.25,62.5,8.75,1.25,1.075356674,0.0,0.012809296000000001,0.0,0.330877313,0.158517474,0.316890039,8.3436569,0.0,0.0,2441.25559110999,2753.69313276999,254480.0,890753.0,0.0,0.0,0.0,0.0,0.0,0.0
MHI,Oahu,OAH-074,Forereef,21.33735484,-157.6767453,9.0,4.25,22.5,5.75,58.75,8.75,2.0,4.165880568,0.0,1.171479219,0.0,0.03110856,0.726781897,0.24045819499999999,2.492985592,0.0,0.0,1365.91219645999,1708.80257501,274205.0,771318.0,0.4951,0.0,0.3457,0.0,0.1145,0.594
MHI,Oahu,OAH-184,Forereef,21.37513879,-157.6856685,13.0,9.25,10.25,1.75,75.25,3.5,2.0,4.588276535,0.339741054,0.827995239,0.0,0.17960711399999998,2.296755636,0.545193262,5.337035236,0.27410018,0.0,2104.5233566,2634.82852211999,240757.0,876683.0,0.0,0.0,0.0,0.0,0.0,0.0
MHI,Oahu,OAH-215,Forereef,21.40562318,-157.7079005,12.5,25.0,8.75,4.0,58.0,4.25,2.5,6.800811358,1.976821171,1.199854703,0.0,0.263255672,0.7025150179999999,0.29662534799999996,2.2434718740000004,0.035971373,0.0,1610.75761166,2034.88031054,212388.0,810683.0,0.7412,0.00855,0.14455,0.0,0.0905,0.3018
MHI,Oahu,OAH-113,Forereef,21.405721,-157.6958335,20.0,7.5,52.5,10.5,17.0,12.5,1.5,5.419978028,0.0,0.0,0.0,0.0,0.0,0.14740455,2.471288634,0.0,4.0345752,2509.12980968,2802.84410634999,157801.0,770203.0,0.0,0.0,0.0,0.0,0.0,0.0
MHI,Oahu,OAH-260,Forereef,21.29506554,-158.0049205,6.0,1.0,35.0,0.5,26.5,37.0,2.0,0.070606575,0.0,0.144390049,0.0,0.0,0.0,0.194762412,2.313025763,0.0,0.0,1667.88481738,1679.22429154,223466.0,1133525.0,0.0,0.0,0.0,0.0,0.0,0.0
MHI,Oahu,OAH-141,Forereef,21.2906891,-158.0266087,14.5,4.5,43.0,1.75,37.0,13.75,1.0,0.509845478,0.0,0.0,0.0,0.050178814,0.16011604899999998,0.126588496,2.439866386,0.0,0.0,1610.3353737,2171.69079074,210053.0,1159966.0,0.0,0.0,0.0,0.0,0.0,0.0
MHI,Oahu,OAH-252,Forereef,21.2782175,-158.0547591,26.0,25.0,0.0,5.0,45.0,25.0,2.0,2.978504124,2.259550389,0.09125366900000001,0.025010952,0.320787767,3.515477083999999,1.106851252,2.7531879459999997,0.048627193,0.0,2476.77745098,4056.94623117999,191048.0,1112541.0,0.0,0.0,0.0,0.0,0.0,0.0
MHI,Kauai,KAU-118,Forereef,22.17425301,-159.7002359,23.0,2.5,45.0,1.0,50.0,1.5,1.0,2.2346507129999997,0.0,0.007364042,0.003479622,0.051212745,0.296391604,0.222405052,13.707424381,0.0,0.0,1348.01558896,1449.14294524999,944.0,52600.0,0.005233333333333,0.0,0.0,0.0,0.0,0.0
MHI,Kauai,KAU-135,Forereef,22.14039146,-159.7313241,6.0,5.0,7.5,7.5,76.25,3.75,3.0,2.678024025,0.0,6.475688966,0.0,0.0,0.152921755,0.020779555999999998,4.297529485,3.610933628,0.0,101.236481431,95.5976590649,396.0,52600.0,0.0,0.0,0.0,0.0,0.0,0.0
MHI,Kauai,KAU-170,Forereef,22.08021761,-159.7766146,16.0,2.25,15.0,0.5,75.5,6.75,1.0,10.652755013,5.443967991,2.165699762,0.0,0.0,0.042652004,0.017884684999999997,8.695936601,0.0,4.732751334,876.853819216,2382.46878028999,292.0,600.0,0.0,0.0,0.0,0.0,0.0,0.0
MHI,Kauai,KAU-080,Forereef,22.16161435,-159.7055008,11.0,16.25,35.0,5.0,43.25,0.5,1.5,14.587915235999999,2.492842379,2.829510677,0.035577425,0.411192043,0.534587447,0.42284657000000003,27.995340494,7.913056021,2.83405197,257.930564807,864.027651452999,850.0,52600.0,0.00314,0.0,0.0,0.0,0.0,0.0
MHI,Kauai,KAU-194,Forereef,22.15153269,-159.7263119,9.0,18.75,20.0,5.0,46.0,10.25,2.5,9.119282689,2.9630403,0.0,0.0,0.058014977,0.894603569,0.45987053600000005,11.371892893000002,1.439786061,4.593793016,402.001919277,399.985319506999,507.0,52600.0,0.0,0.0,0.0,0.0,0.0,0.0
MHI,Kauai,KAU-188,Forereef,22.13478137,-159.7634606,17.5,10.0,12.5,2.75,68.25,6.5,1.0,3.3633379280000004,0.680404653,1.645989146,0.002135081,0.306356829,0.991958764,0.362574324,4.1185219459999995,0.483475353,0.0,0.0,0.0,0.0,0.0,0.0,0.0,0.0,0.0,0.0,0.0
MHI,Kauai,KAU-073,Forereef,22.08031333,-159.7942446,25.0,7.5,12.5,2.5,70.0,7.5,1.0,0.167437796,0.040033844,2.282050453,0.0,0.117106662,0.511913117,0.23820465899999999,1.031858803,0.0,0.0,1960.70483745999,3168.97767677999,232.0,600.0,0.0,0.0,0.0,0.0,0.0,0.0
MHI,Niihau,NII-176,Forereef,21.98355398,-160.1222994,16.0,1.5,0.0,14.25,79.25,5.0,2.5,9.691011047,2.654875886,8.042260493,0.040672364,0.0,0.209745903,1.0197220579999997,12.397398202,8.543132273,0.0,0.0,0.0,0.0,0.0,0.0,0.0,0.0,0.0,0.0,0.0
MHI,Niihau,NII-117,Forereef,21.97527995,-160.1168289,4.5,5.0,11.5,13.75,69.75,0.0,1.0,16.946327652,5.506352531,14.407107421,0.0,0.028803467,0.29238332499999997,0.46002461299999997,5.5946970369999995,6.504515466,24.53794354,0.0,0.0,0.0,0.0,0.0,0.0,0.0,0.0,0.0,0.0
MHI,Niihau,NII-111,Forereef,21.97070302,-160.1318665,18.5,1.75,2.5,2.0,80.75,13.0,1.5,19.206231514000002,7.619883374,7.196247453,0.033790929,0.08648783,7.940043963000001,0.21036021900000001,11.506173317,3.030158314,60.80895099999999,0.0,0.0,0.0,0.0,0.0,0.0,0.0,0.0,0.0,0.0
MHI,Niihau,NII-137,Forereef,21.95241739,-160.1666683,21.0,2.0,2.5,1.0,89.5,5.0,2.0,4.711752579,0.0,2.7693390179999997,0.125882647,0.349318688,0.667991381,0.42944635,9.708765977999999,5.139258306,7.68256561,0.0,0.0,0.0,0.0,0.0,0.0,0.0,0.0,0.0,0.0
MHI,Niihau,NII-143,Forereef,21.96267013,-160.148553,23.0,0.0,7.5,0.5,67.0,25.0,2.5,3.8083087200000003,0.0,0.0,0.000398383,0.006296612,0.20483295999999998,0.334335126,6.9859295669999995,0.8444761279999999,20.28949526,0.0,0.0,0.0,0.0,0.0,0.0,0.0,0.0,0.0,0.0
MHI,Niihau,NII-157,Forereef,21.95645638,-160.1787293,17.0,0.75,3.0,0.5,88.25,7.5,2.25,5.59177768,9.101157415,7.575870772,0.126975087,0.018094702,0.284921482,0.50913311,14.078323102,3.019313657,29.82989058,0.0,0.0,0.0,0.0,0.0,0.0,0.0,0.0,0.0,0.0
MHI,Niihau,NII-077,Forereef,21.93550045,-160.1944369,14.5,1.0,3.0,1.5,80.5,14.0,1.75,8.154648430999998,5.340863354,1.899195228,0.003504521,0.117373178,0.34440135200000005,0.301314437,6.400545432,3.880180618,25.816079524,0.0,0.0,0.0,0.0,0.0,0.0,0.0,0.0,0.0,0.0
MHI,Niihau,NII-201,Forereef,21.90161543,-160.2094899,5.0,1.0,0.5,2.5,79.75,16.25,3.5,4.258029383,0.054795407,2.365981217,0.000389045,0.029830965,0.067667618,0.9797909060000001,4.232325838,0.292806444,0.0,0.0,0.0,0.0,0.0,0.0,0.0,0.0,0.0,0.0,0.0
MHI,Kauai,KAU-149,Forereef,21.93093742,-159.6691091,21.0,4.0,5.25,0.5,72.25,17.75,1.25,5.048104991,0.0,0.0,0.0,0.0,3.117327344,0.275908235,17.146485426,2.7373377249999997,8.866983462,1560.9118191,2069.44523956,12641.0,1329200.0,0.26635,0.009825,0.396625,0.0,0.117625,0.0
MHI,Kauai,KAU-180,Forereef,21.91669883,-159.6445208,10.0,8.75,17.5,3.0,47.0,23.75,1.5,0.081550385,0.015558308,0.0,0.0,0.041889368,0.150424535,0.128553252,3.880711445,0.0,0.0,725.703412426999,861.989358319999,12515.0,1083600.0,0.2425,0.0,0.6263,0.0,0.090333333333333,0.0
MHI,Kauai,KAU-179,Forereef,21.88977884,-159.5862427,23.0,9.0,1.0,3.0,79.0,8.0,5.0,6.6776895199999995,3.681637511,0.0,0.03859953,0.45069394500000004,30.389172308000003,2.1395433760000007,5.580676797,6.6973035119999995,0.0,778.238958262999,1418.28163257,15576.0,2500000.0,0.413833333333333,0.0,0.4706,0.0,0.248266666666667,0.1392
MHI,Kauai,KAU-162,Forereef,21.88554171,-159.5500128,12.5,6.0,42.5,35.0,16.5,0.0,1.0,0.555523982,0.0,0.0,0.0,0.279383063,1.010474101,0.210640862,1.8820569029999998,0.32729786,0.0,214.350799537999,1265.11978731,20519.0,3419200.0,0.11825,0.0,0.65025,0.0,0.19605,0.0
MHI,Kauai,KAU-152,Forereef,21.88598678,-159.5373044,6.25,17.5,17.5,5.0,53.5,6.5,3.0,6.182535442,0.261709771,3.0377866410000003,0.0,1.367346778,0.396502712,0.550450219,2.844930357,0.205286371,0.0,62.6694591783999,176.087702871999,22210.0,3684800.0,0.1195,0.0,0.31205,0.0,0.0,0.0
MHI,Kauai,KAU-168,Forereef,21.87106306,-159.5114433,29.0,6.5,75.0,2.0,10.0,6.5,1.0,0.070695247,0.0,0.0,0.0,0.0,1.003674607,0.18069373100000002,0.7398489300000001,0.0,60.34150392,1712.08613001999,1944.74751421,20284.0,3674600.0,0.198,0.0,0.25545,0.0,0.0629,0.34915
MHI,Kauai,KAU-169,Forereef,21.87361057,-159.4638419,6.5,3.25,1.75,9.25,77.5,8.25,3.0,11.832378317,0.0,15.008094,0.010504226,0.123580669,0.864383862,0.441450339,1.7522993119999999,1.342148887,0.0,246.591762471,884.489377992999,13814.0,3335400.0,0.39455,0.03945,0.0,0.0,0.12855,0.0
MHI,Kauai,KAU-143,Forereef,22.23548901,-159.4079941,24.0,6.0,6.5,0.5,87.0,0.0,1.0,20.746796892,2.430771093,0.0,0.004537826,0.5898601050000001,3.0114117699999996,0.120788533,7.5298363440000005,12.989159389000001,6.426078224,627.341816322999,1747.09145729,9589.0,1457600.0,0.27025,0.0,0.0,0.0,0.0,0.0
MHI,Kauai,KAU-097,Forereef,22.23748751,-159.4619013,16.5,18.75,13.75,4.0,53.5,10.0,1.5,2.22039648,0.02826161,0.0,0.0,0.077756632,0.262575689,0.047017156000000004,4.339980445,0.469331066,19.50455256,1449.33827866999,1650.28798413999,9362.0,1653400.0,0.305775,0.0,0.0,0.0,0.05955,0.0
MHI,Kauai,KAU-181,Forereef,22.22163373,-159.5405291,5.0,16.25,10.5,11.25,62.0,0.0,2.75,1.5933691700000001,4.552217862,12.672916336,0.09774377,0.16315089,0.264986614,0.14016413,2.837575072,3.669689839,2.24139312,383.326458442999,912.102255034,6529.0,702600.0,0.20715,0.0,0.2277,0.0,0.05635,0.0
MHI,Kauai,KAU-089,Forereef,22.24683668,-159.5730771,25.0,5.0,15.0,2.5,70.0,7.5,1.0,0.0,0.0,0.0,0.0,0.003130859,0.028145561,0.142423393,1.790894353,1.401954443,35.49799452,0.0,0.0,0.0,0.0,0.0,0.0,0.0,0.0,0.0,0.0
MHI,Kauai,KAU-125,Forereef,22.11410992,-159.2861299,20.0,4.5,17.5,15.5,45.0,17.5,1.0,0.001534713,0.0,0.0,0.0,0.006681548,0.010871997000000001,0.00899593,4.238666682000001,0.0,16.382401194,948.823548833,1113.34566193,24198.0,3852200.0,0.241333333333333,0.0,0.121833333333333,0.4371,0.174166666666667,0.223933333333333
MHI,Kauai,KAU-206,Forereef,22.1080234,-159.2945837,12.0,3.0,18.75,1.5,51.75,25.0,2.25,11.362267645,8.400943776,1.559967466,0.0,0.166600388,1.100042694,1.3194987489999999,9.80590062,1.805458374,0.0,122.52849706,221.082628937,29725.0,4350400.0,0.29915,0.0,0.176775,0.327825,0.162925,0.16795
MHI,Kauai,KAU-138,Forereef,22.08828184,-159.3036948,9.0,6.25,21.25,2.25,69.0,1.25,1.0,7.100323240000001,0.023538151,0.00514351,0.0,0.011996650000000001,0.258562696,0.133194716,5.011972515,0.041234943,0.0,209.656941751,620.059765804999,37204.0,5034200.0,0.540275,0.0446,0.161175,0.223,0.10755,0.295975
MHI,Kauai,KAU-207,Forereef,22.03879843,-159.3308064,5.0,2.75,5.5,3.5,76.0,11.75,1.5,0.20792480800000002,0.023688609,0.003682021,0.000168068,0.003340774,1.7133770579999998,0.3443113649999999,0.8277414819999999,4.364444117,0.82401147,418.878165744999,817.640263463,48932.0,5111800.0,0.3333,0.128,0.6129,0.0,0.11,0.6507
MHI,Kauai,KAU-130,Forereef,22.13601225,-159.2847423,13.75,7.5,1.75,7.5,74.5,6.25,2.75,6.719909921,2.326002431,8.467766527,0.155487447,0.59507987,29.821419619,1.589858228,12.906618957000001,3.717544089,0.0,891.701147536,2010.71407687,19133.0,2964400.0,0.2165,0.0,0.064,0.35265,0.21445,0.0
MHI,Kauai,KAU-195,Forereef,22.0829854,-159.2933327,22.0,5.5,5.0,5.0,64.5,15.0,1.0,0.017903178,0.0,0.0,0.0,0.01775303,0.0,0.141432083,4.589230094,0.0,0.0,1412.95558426999,1767.08103751,33469.0,4795000.0,0.59365,0.0193,0.1708,0.0,0.1058,0.0
MHI,Kauai,KAU-216,Forereef,22.03984609,-159.3162246,18.0,7.75,2.25,0.5,82.5,6.75,1.0,5.202496963,0.0,1.532261756,0.0,0.181038149,7.484517717,0.404444555,5.226931087999999,2.7155768919999996,10.144747632,1791.07481361,2079.05901624999,45825.0,5080200.0,0.3333,0.128,0.6129,0.0,0.11,0.6507
MHI,Kauai,KAU-176,Forereef,21.99935823,-159.3251948,22.0,7.5,0.5,0.5,91.5,0.0,2.5,3.8670013720000003,0.529746555,1.104145177,0.01708065,0.05966193,11.487672364,0.6360493159999999,5.629269302999999,0.0,84.5170912,762.048774689999,1312.57812463999,35232.0,3577000.0,0.307466666666667,0.006966666666667,0.1979,0.307966666666667,0.0181,0.4008
MHI,Niihau,NII-169,Forereef,21.93277155,-160.066355,25.5,1.5,0.5,2.0,73.5,22.5,5.0,10.993422333,14.220307834,3.909963545,0.354289682,0.0,51.116023446,16.768017356,110.79952016299998,17.131967751,17.03761024,0.0,0.0,0.0,0.0,0.0,0.0,0.0,0.0,0.0,0.0
MHI,Niihau,NII-185,Forereef,21.92783687,-160.0819294,5.75,17.5,5.25,7.5,68.5,1.25,2.0,2.2937179939999996,0.0,2.668048208,0.0,0.17050749999999998,1.2362093060000001,0.301476217,6.647887987,4.491978641,7.008975988,0.0,0.0,0.0,0.0,0.0,0.0,0.0,0.0,0.0,0.0
MHI,Niihau,NII-110,Forereef,21.839746,-160.1731634,4.0,5.0,1.75,1.5,90.25,1.5,1.5,21.700441633,4.255645698,9.559986467,0.0,0.208942257,0.503333735,0.24985069899999998,6.549525458000001,1.438849911,24.802582004,0.0,0.0,0.0,0.0,0.0,0.0,0.0,0.0,0.0,0.0
MHI,Niihau,NII-212,Forereef,21.87243165,-160.1164345,23.0,3.0,1.5,0.5,90.0,5.0,1.0,6.360849261,0.0,0.0,0.0,0.01179809,0.9967220439999999,0.43276813300000005,2.406434139,2.786506735,99.7384897,0.0,0.0,0.0,0.0,0.0,0.0,0.0,0.0,0.0,0.0
MHI,Niihau,NII-151,Forereef,21.86163761,-160.1532729,14.0,6.5,20.0,2.5,57.25,13.75,1.25,6.981752283,0.0,0.005661579,0.0,0.071201516,0.149778046,0.334929239,3.9505322019999998,0.010217307,24.8939931,0.0,0.0,0.0,0.0,0.0,0.0,0.0,0.0,0.0,0.0
MHI,Niihau,NII-109,Forereef,21.8571895,-160.1630025,5.0,4.5,2.25,3.0,78.5,11.25,3.0,11.373047059,2.760670424,38.959433709,0.0,0.0,0.040258986,0.416636513,21.486262876,4.435879718,8.915606036,0.0,0.0,0.0,0.0,0.0,0.0,0.0,0.0,0.0,0.0
MHI,Niihau,NII-246,Forereef,21.83073403,-160.1803135,4.5,2.5,28.0,6.0,48.5,15.0,1.0,0.606858236,0.006036574,0.372478148,0.0,0.008876515,0.009343881,0.142820224,2.532011629,0.35078864,38.21199218,0.0,0.0,0.0,0.0,0.0,0.0,0.0,0.0,0.0,0.0
MHI,Niihau,NII-097,Forereef,21.83864177,-160.1612998,27.5,3.5,1.5,3.5,44.0,47.5,1.0,1.955281888,0.0,0.0,0.0,0.012286338,0.371351336,0.23723875499999997,3.2683665379999995,0.0,49.6516264,0.0,0.0,0.0,0.0,0.0,0.0,0.0,0.0,0.0,0.0
MHI,Oahu,OAH-165,Forereef,21.50231137,-158.2383379,15.0,1.0,22.0,2.5,52.0,22.5,1.0,0.251112001,0.012073148,0.075729711,0.0,0.0,0.350300714,0.050653584,1.7852443340000002,0.0,0.0,823.289503773999,995.631381636,76388.0,603476.0,0.17145,0.0,0.1098,0.0,0.2456,0.0
MHI,Oahu,OAH-221,Forereef,21.4510562,-158.2031314,7.0,7.0,3.5,1.0,55.75,32.75,1.25,3.553024053,0.0,0.0,0.0,0.053573934000000004,0.044784928,0.14896077800000002,2.99238069,0.020785246,0.0,297.921517343,934.549432076,104660.0,948570.0,0.5491,0.01645,0.2025,0.0,0.03895,0.565
MHI,Oahu,OAH-271,Forereef,21.4416605,-158.2039798,23.0,11.0,3.0,1.0,52.5,32.5,1.0,1.465807774,0.01571409,0.692701963,0.000778091,0.164551211,2.1308570209999997,0.5021773119999999,1.9994563810000001,0.007021205,0.0,1135.37433753999,1341.55202390999,97193.0,997970.0,0.5491,0.01645,0.2025,0.0,0.03895,0.565
MHI,Oahu,OAH-166,Forereef,21.39710147,-158.1869697,12.5,4.0,52.5,1.5,32.0,10.0,1.5,0.0,0.0,0.021286331,0.0,0.002802395,0.15253449600000002,0.201153447,3.0727009140000003,0.0,0.0,1161.12437614,3068.60787549,101062.0,982368.0,0.6074,0.0717,0.2225,0.0,0.0129,0.5705
MHI,Molokai,MOL-074,Forereef,21.08253032,-157.1254376,21.25,51.25,5.5,3.5,28.5,11.25,3.0,3.1361188339999995,11.29382815,0.0,0.189922635,0.710216479,4.918797211,0.17576166,2.6385328629999996,9.015460696,0.0,1560.56864068,1706.99747712,3930.0,154700.0,0.0532,0.0,0.0,0.0,0.1723,0.0
MHI,Molokai,MOL-160,Forereef,21.0827687,-157.0581555,10.25,42.5,10.5,3.25,31.75,12.0,3.0,2.501887112,2.1230737119999996,0.071563578,0.206962824,0.758001947,2.123320844,0.07142947499999999,1.40911499,1.709932361,0.0,1751.05312181999,1755.70091669,13934.0,624500.0,0.204875,0.0,0.196425,0.0,0.132625,0.3358
MHI,Molokai,MOL-109,Forereef,21.07583988,-157.0372077,22.25,27.5,0.75,3.0,59.5,9.25,1.75,0.780104787,5.435689128,0.155519397,0.033277389,0.129370895,0.261934263,0.35183365,1.0444530060000001,0.337402698,0.0,971.396163968999,1881.34337731999,15830.0,604000.0,0.292575,0.02365,0.228975,0.0,0.09425,0.30455
MHI,Molokai,MOL-147,Forereef,21.04873373,-156.9470755,21.0,42.5,2.25,7.75,40.0,7.5,2.75,4.278354349000001,3.1478769030000002,0.226435209,0.287327158,1.075870081,2.990218657,0.224487657,5.074301027000001,3.2615723670000003,0.0,1601.04867476999,1612.9624615,13698.0,465200.0,0.171525,0.0,0.1547,0.0,0.089725,0.0
MHI,Molokai,MOL-127,Forereef,21.05995953,-156.9629062,4.25,35.0,2.25,3.0,36.0,23.75,2.75,9.744024773,2.8320037979999997,0.763708662,0.056663687,0.5437147330000001,2.865992177,0.15197007399999998,2.902624948,2.554130286,0.0,808.376231358,873.609914652,17023.0,533800.0,0.224466666666667,0.0,0.193216666666667,0.0,0.120616666666667,0.0
MHI,Molokai,MOL-166,Forereef,21.05781033,-156.9737712,25.0,40.0,2.25,3.5,47.25,7.0,3.0,2.5344505080000004,1.9670490680000001,0.229580077,0.172773513,0.646522402,0.9690760199999999,0.056283939000000005,0.640878528,5.26029311,0.0,1269.37932454,1440.87464346999,13479.0,526100.0,0.2317,0.0,0.211875,0.0,0.0912,0.0
MHI,Oahu,OAH-120,Forereef,21.46517669,-157.7473065,29.0,4.0,25.0,10.0,44.5,16.5,1.0,0.638976986,0.0,0.0,0.0,0.0,0.39554607,0.071061536,2.175366037,0.0,3.019660894,1144.4939787,1938.786677,182554.0,564155.0,0.0,0.0,0.0,0.0,0.0,0.0
MHI,Oahu,OAH-180,Forereef,21.468251,-157.7641789,17.5,9.25,39.25,5.0,38.25,8.25,1.0,0.147971135,0.0,0.01396904,0.0,0.0,0.12789436599999998,0.15868775599999999,3.0401502619999996,0.0,0.0,600.182624138,2858.69409385,185880.0,1239480.0,0.0,0.0,0.0,0.0,0.0,0.0
MHI,Oahu,OAH-177,Forereef,21.47027867,-157.7807197,8.0,13.75,6.25,12.5,60.0,7.5,1.75,9.42883669,0.555462027,0.144390049,0.0,0.08984269,0.144319156,0.40300774699999997,3.7421442679999997,0.93027866,0.0,1653.11813396999,4170.72807646999,174298.0,1286095.0,0.0,0.0,0.0,0.0,0.0,0.0
MHI,Oahu,OAH-281,Forereef,21.48822516,-157.7829164,23.5,27.5,17.5,1.25,49.75,4.0,2.25,2.860535821,0.097673751,1.6031764960000001,0.0,0.020752057,1.658816605,0.6437645630000001,5.479586027,0.522818819,0.0,0.0,0.0,0.0,0.0,0.0,0.0,0.0,0.0,0.0,0.0
MHI,Oahu,OAH-282,Forereef,21.50888991,-157.8054174,20.5,36.25,7.5,13.75,32.5,10.0,2.25,0.8883335829999999,5.958106166,0.056916909,0.046937551,0.896513752,6.287024635000001,0.615207603,3.4294770510000006,8.229702994,0.0,0.0,0.0,0.0,0.0,0.0,0.0,0.0,0.0,0.0,0.0
MHI,Oahu,OAH-146,Forereef,21.53842547,-157.8257171,9.0,7.5,31.25,10.0,48.75,2.5,1.25,0.157161906,0.072457492,0.021964995,0.0,0.016405607,0.320429406,0.18799006599999998,2.799279917,0.0,0.0,1340.15016783,1562.72874402,15415.0,1064953.0,0.314,0.0,0.240633333333333,0.0,0.1764,0.0
MHI,Oahu,OAH-175,Forereef,21.28110238,-157.6550673,23.0,13.75,12.5,8.75,31.25,33.75,2.0,4.273578342,0.04315764,0.001897029,0.0,0.23801934899999996,1.138189061,0.375804955,4.039176907999999,1.258506381,0.0,1313.74650948,1652.03860432,134354.0,525051.0,0.4882,0.0222,0.1519,0.0,0.0239,0.0
MHI,Oahu,OAH-249,Forereef,21.28112921,-157.6735045,9.5,21.25,13.75,12.5,32.5,20.0,2.0,9.990149074000001,0.38463378,1.231357701,0.0,0.203429233,2.102273538,0.9236464249999999,4.708698740000001,1.1229901439999999,0.0,310.768110122,1580.93264361999,204039.0,684998.0,0.4882,0.0222,0.1519,0.0,0.0239,0.0
MHI,Oahu,OAH-218,Forereef,21.27405622,-157.7300368,5.0,18.75,17.5,11.25,41.25,11.25,2.0,0.7980446630000001,0.032045169,0.223857598,0.0,0.656812466,0.011679851,0.494042596,2.6913830530000005,0.452153863,0.0,763.519255118,1078.43415638,404271.0,1180963.0,0.765685714285714,0.085328571428571,0.131428571428571,0.0,0.1536,0.071257142857143
MHI,Oahu,OAH-103,Forereef,21.27046575,-157.7318501,12.5,5.25,26.25,12.5,29.75,26.25,1.0,0.015872361,0.0,0.0,0.0,0.0,0.018249767,0.11440327499999998,1.172297248,1.017893824,0.0,1065.77941521999,1253.56938205,406432.0,1164138.0,0.765685714285714,0.085328571428571,0.131428571428571,0.0,0.1536,0.071257142857143
MHI,Oahu,OAH-256,Forereef,21.26916748,-157.8411075,20.75,4.25,36.25,1.5,28.5,29.5,1.0,0.272977713,0.107400069,0.0,0.0,0.044279769,0.165914289,0.416673855,2.400986539,0.0,0.0,1207.26650623999,2029.66810138,478681.0,1367957.0,0.9236,0.1892,0.1101,0.0,0.1328,0.6809
MHI,Oahu,OAH-205,Forereef,21.25112426,-157.8184105,10.0,20.0,4.0,12.75,52.0,11.25,2.0,3.4352813679999996,0.273952587,21.752824943,0.003398701,0.556280374,0.848607933,0.466903776,3.830607907,0.481970305,0.0,654.878668231,2636.13726282,420063.0,1172157.0,0.0,0.0,0.0,0.0,0.0,0.0
MHI,Oahu,OAH-156,Forereef,21.25026989,-157.8105107,4.0,3.0,17.5,4.25,56.5,18.75,1.5,0.047052984,0.0,0.0,0.0,0.0,0.0,0.068288351,1.054859968,0.0,0.0,551.544710537,2832.07338653999,431435.0,1129157.0,0.0,0.0,0.0,0.0,0.0,0.0
MHI,Oahu,OAH-214,Forereef,21.26958456,-157.8345517,6.5,3.0,6.5,6.5,38.5,45.5,1.75,0.019253748,0.0,0.0,0.0,0.034818043,0.21539126799999997,0.13109918199999998,3.4303158769999995,0.271741073,0.0,872.094533261,1614.29019251999,510516.0,1346757.0,0.9236,0.1892,0.1101,0.0,0.1328,0.6809
MHI,Oahu,OAH-093,Forereef,21.27250071,-157.8378143,5.0,13.75,12.5,5.75,65.0,3.0,1.75,17.72425308,0.154231176,6.2227143609999995,0.0,0.126965825,12.500040127,1.007296089,5.840068261,0.41624055099999996,0.0,720.002545819,1608.70069165,523576.0,1371557.0,0.9236,0.1892,0.1101,0.0,0.1328,0.6809
MHI,Oahu,OAH-109,Forereef,21.28534145,-157.9785733,21.5,3.0,26.75,6.0,40.5,23.75,1.0,1.170235859,0.0,0.0,0.0,0.0,0.018078579999999997,0.242629441,1.6145923960000004,0.0,0.0,0.0,0.0,0.0,0.0,0.0,0.0,0.0,0.0,0.0,0.0
MHI,Oahu,OAH-185,Forereef,21.29147926,-157.9089283,8.5,8.75,12.75,5.25,65.25,8.0,2.0,10.950722749,0.7249471430000001,2.7863971469999997,0.0,0.019448118,2.628911146,0.6296100000000001,4.375723678,0.088664023,0.0,1388.9525044,2812.48534595,406524.0,887017.0,0.0,0.0,0.0,0.0,0.0,0.0
MHI,Oahu,OAH-080,Forereef,21.29996619,-158.1223068,11.5,10.0,25.0,4.0,52.25,8.75,1.5,2.227744578,0.217372476,0.254060116,0.0,0.150236503,1.8869019729999998,0.3627450270000001,4.64352943,0.07072268,0.0,994.50100623,2730.03338059999,136702.0,414331.0,0.0,0.0,0.0,0.0,0.0,0.0
MHI,Oahu,OAH-126,Forereef,21.31627209,-158.1261702,6.5,21.25,6.5,3.75,63.5,5.0,1.25,5.7903253459999995,0.0,0.345108938,0.0,0.108127727,0.375215206,0.46336919499999996,2.5708307879999994,0.0,0.0,698.639391425999,1879.59007369999,165919.0,461531.0,0.0,0.0,0.0,0.0,0.0,0.0
MHI,Oahu,OAH-078,Forereef,21.32377055,-158.1307295,8.5,21.25,35.0,4.25,32.5,7.0,1.75,1.380193543,0.0,0.0,0.0,0.27622768999999997,0.220822178,0.199125451,1.3822340879999997,0.0,0.0,803.713781080999,1241.19895668,157820.0,509131.0,0.3875,0.0636,0.1929,0.2546,0.0287,0.636
MHI,Oahu,OAH-238,Forereef,21.33627634,-158.1294762,5.0,23.75,2.75,27.5,33.5,12.5,3.0,5.833470290999999,2.310867543,1.863189792,0.082104145,3.785321614,0.0,0.491094902,2.744040871,0.238304407,0.0,338.550724699999,650.164867787,173015.0,562183.0,0.59295,0.0318,0.18755,0.1273,0.1449,0.318
MHI,Oahu,OAH-253,Forereef,21.2854251,-157.8654742,22.5,4.0,3.25,6.5,55.0,31.25,1.75,1.656774259,0.0,0.079956569,0.0,0.08660963699999999,0.262679499,0.383295286,2.0502508379999997,0.0,0.0,702.677271053,2548.61989391,481023.0,1393182.0,0.9687,0.5034,0.0716,0.0,0.0,0.0
MHI,Oahu,OAH-153,Forereef,21.29066211,-157.8645416,4.5,7.5,0.5,7.75,66.75,17.5,2.5,4.148657968,0.027332382,0.050705776,0.001067541,0.086080567,1.557364818,0.402710618,2.646635813,0.279292064,0.0,194.500893542999,2104.80184476,519632.0,1396782.0,0.9687,0.5034,0.0716,0.0,0.0,0.0
MHI,Oahu,OAH-258,Forereef,21.29642685,-157.8770628,5.0,3.5,10.0,2.5,62.75,21.25,1.0,0.0,0.0,0.0,0.0,0.0,0.009124883,0.044151109,0.611974586,0.0,0.0,483.963726775,1045.58557294999,504768.0,1378842.0,0.9816,0.3149,0.0421,0.0,0.0679,0.0
MHI,Oahu,OAH-145,Forereef,21.2928321,-157.8880644,8.5,7.5,5.5,1.5,64.25,21.25,1.75,0.44372522400000003,0.0,0.0,0.0,0.054655938,0.047923887,0.15191081,3.037714821,0.494282202,3.221615556,883.720245376999,1352.90406398,470061.0,1182642.0,0.9687,0.5034,0.0716,0.0,0.0,0.0
